统计时间,国外资产,外汇,货币黄金,其他国外资产,对政府债权,其中:中央政府,对其他存款性公司债权,对其他金融性公司债权,对非货币金融机构债权,对非金融性公司债权,其他资产,总资产,储备货币,发行货币,金融性公司存款,其他存款性公司,其他金融性公司,对金融机构负债,准备金存款,非金融性公司存款,活期存款,债券,国外负债,政府存款,自有资金,其他负债,总负债
2026.5,230257.91,216306.85,4740.17,9210.89,22346.47,22346.47,203265.26,3058.94,,,24878.34,483806.92,391223.72,151451.14,213983.96,213983.96,,,,,,2400.0,1963.68,60155.26,219.75,20780.95,483806.92
2026.4,229293.34,215381.08,4641.24,9271.02,22519.4,22519.4,208060.02,3133.94,,,23320.8,486327.5,398320.18,152271.44,220400.16,220400.16,,,,,,2400.0,2302.98,55655.12,219.75,20950.21,486327.5
2026.3,228260.72,214425.31,4560.19,9275.22,22615.59,22615.59,215879.7,3135.34,,,21507.35,491398.71,408745.66,152481.25,231173.73,231173.73,,,,,,2400.0,1959.37,50420.37,219.75,21230.42,491398.71
2026.2,227529.92,213763.92,4509.01,9256.98,22830.33,22830.33,224724.13,3148.32,,,21630.09,499862.79,408642.86,159072.75,221633.05,221633.05,,,,,,2400.0,1858.91,58967.42,219.75,21479.16,499862.79
2026.1,226843.32,212922.61,4497.5,9423.21,22556.59,22556.59,216858.88,6078.32,,,20852.8,493189.91,395255.08,151746.07,217858.77,217858.77,,,,,,2400.0,1656.83,65132.3,219.75,21654.37,493189.91
2025.12,226260.02,212391.23,4486.37,9382.42,22063.25,22063.25,205021.29,8317.65,,,19929.12,481591.34,399204.83,146275.73,227668.88,227668.88,,,,,,2400.0,2138.54,50000.1,219.75,21443.57,481591.34
2025.11,226231.76,212418.36,4476.69,9336.7,21925.86,21925.86,197287.45,8219.55,,,19305.08,472969.7,380196.83,141756.9,213315.06,213315.06,,,,,,2300.0,1827.87,60001.75,219.75,21444.51,472969.7
2025.10,226776.72,213003.0,4467.16,9306.56,21437.88,21437.88,195503.22,8019.55,,,18889.24,470626.61,377809.93,140078.71,212187.33,212187.33,,,,,,2300.0,2021.76,59509.66,219.75,20921.65,470626.61
2025.9,227468.32,213680.6,4457.98,9329.74,22206.02,22206.02,195356.99,8009.58,,,18350.47,471391.38,386170.16,140739.72,219969.33,219969.33,,,,,,2300.0,2531.89,53251.69,219.75,20340.25,471391.38
2025.8,228117.35,214382.04,4449.23,9286.08,22481.37,22481.37,186383.07,8709.58,,,17562.7,463254.06,371856.0,138053.74,208791.97,208791.97,,,,,,1700.0,1951.6,61056.03,219.75,19763.13,463254.06
2025.7,229023.79,215090.02,4433.5,9500.28,22873.86,22873.86,180964.98,9809.58,,,16821.66,459493.86,372410.6,137356.55,210664.84,210664.84,,,,,,1400.0,2251.53,57685.65,219.75,18947.77,459493.86
2025.6,229842.47,215804.96,4418.24,9619.27,23521.14,23521.14,178780.75,9809.58,,,15869.82,457823.75,379159.42,136520.64,217910.7,217910.7,,,,,,2000.0,1865.12,50038.13,219.75,18498.17,457823.75
2025.5,230485.43,216519.32,4403.09,9563.02,24341.49,24341.49,171317.62,9809.58,,,15043.86,450997.98,366758.99,135911.15,205916.74,205916.74,,,,,,1900.0,1547.32,55760.45,219.75,17434.87,450997.98
2025.4,231412.8,217255.89,4387.93,9768.99,25183.03,25183.03,173896.6,10294.58,,,14416.31,455203.33,373780.6,136197.65,213009.41,213009.41,,,,,,2500.0,2101.34,52950.11,219.75,16957.5,455203.33
2025.3,232015.68,218001.72,4372.51,9641.45,27006.53,27006.53,175355.58,6594.58,,,14339.44,455311.81,376817.73,136037.64,216891.44,216891.44,,,,,,2500.0,2752.79,49602.34,219.75,17253.48,455311.81
2025.2,232438.67,218663.31,4350.72,9424.64,27790.12,27790.12,188965.25,6663.49,,,14347.8,470205.33,381281.65,138676.13,217513.16,217513.16,,,,,,2785.0,4571.36,57816.47,219.75,17117.85,470205.33
2025.1,232849.4,219330.18,4317.53,9201.69,28114.36,28114.36,184628.65,6676.05,,,14306.26,466574.72,388712.59,148040.73,209762.23,209762.23,,,,,,2673.7,4310.16,47737.69,219.75,16970.26,466574.72
2024.12,233256.54,219918.95,4284.69,9052.9,28781.48,28781.48,156430.27,6709.92,,,15335.1,440513.31,368040.14,133302.35,210586.2,210586.2,,,,,,1570.9,3106.89,44997.2,219.75,16465.92,440513.31
2024.11,233579.18,220344.35,4223.42,9011.41,26655.62,26655.62,170560.57,6856.68,,,16055.06,453707.1,367396.09,128819.88,214781.04,214781.04,,,,,,1583.4,2590.73,58613.66,219.75,18473.32,453707.1
2024.10,234018.82,220733.04,4192.6,9093.19,24636.28,24636.28,165551.56,7027.95,,,16122.87,447357.48,361837.26,127121.76,211051.8,211051.8,,,,,,1594.7,1502.35,56889.61,219.75,18080.61,447357.48
2024.9,234347.05,220966.47,4192.6,9187.98,22613.79,22613.79,174252.83,7427.28,,,16409.69,455050.63,379130.07,126973.62,227983.54,227983.54,,,,,,1547.5,1680.53,48070.71,219.75,17527.04,455050.63
2024.8,234685.65,221230.64,4192.6,9262.42,20311.26,20311.26,160380.92,7120.86,,,16398.85,438897.54,358871.1,124124.6,211050.55,211050.55,,,,,,1550.0,4083.19,50701.98,219.75,16647.0,438897.54
2024.7,234996.75,221549.32,4192.6,9254.84,15240.68,15240.68,164405.73,5499.2,,,16326.78,436469.16,364409.65,123570.81,217641.28,217641.28,,,,,,1550.0,4903.19,46810.71,219.75,11845.43,436469.16
2024.6,235325.91,221899.72,4192.6,9233.6,15240.68,15240.68,165509.41,3800.2,,,16670.58,436546.79,371285.63,122507.22,225480.77,225480.77,,,,,,1550.0,4347.01,41319.43,219.75,11123.38,436546.79
2024.5,235608.36,222260.78,4192.6,9154.98,15240.68,15240.68,156440.47,2999.55,,,19248.52,429537.58,357630.07,121754.03,212872.54,212872.54,,,,,,1400.0,4923.15,47450.07,219.75,11380.27,429537.58
2024.4,235682.32,222450.45,4192.6,9039.28,15240.68,15240.68,155232.44,3016.47,,,19253.31,428425.22,362776.04,122294.45,217317.11,217317.11,,,,,,1350.0,4764.78,41964.33,219.75,11450.07,428425.22
2024.3,235897.47,222681.72,4181.74,9034.01,15240.68,15240.68,163526.82,3218.2,,,20977.51,438860.69,370949.95,122842.95,224850.04,224850.04,,,,,,1350.0,3772.71,43559.77,219.75,13111.66,438860.69
2024.2,235356.4,222180.64,4156.2,9019.57,15240.68,15240.68,170210.62,2974.65,,,21911.54,445693.9,372018.11,128502.36,218727.82,218727.82,,,,,,1250.0,4372.95,50021.12,219.75,11987.33,445693.9
2024.1,234437.54,221332.16,4099.83,9005.54,15240.68,15240.68,183102.23,2173.32,,,21472.99,456426.77,377314.15,128527.46,223923.22,223923.22,,,,,,1250.0,4156.62,55664.17,219.75,11956.39,456426.77
2023.12,233548.51,220453.85,4052.88,9041.78,15240.68,15240.68,185561.01,1310.9,,,21283.04,456944.14,389036.93,118660.94,245687.45,245687.45,,,,,,1250.0,3062.34,46291.74,219.75,11044.96,456944.14
2023.11,232796.52,219763.93,4009.97,9022.62,15240.68,15240.68,169884.8,1335.32,,,21397.31,440654.63,363160.01,115073.49,224098.75,224098.75,,,,,,1250.0,4402.85,55036.02,219.75,10853.11,440654.63
2023.10,232046.26,219002.12,3953.79,9090.35,15240.68,15240.68,163237.95,1331.18,,,21403.73,433259.8,350659.11,113544.31,213551.71,213551.71,,,,,,1150.0,4459.43,60559.97,219.75,9843.99,433259.8
2023.9,230938.68,218095.08,3855.33,8988.26,15240.68,15240.68,158157.05,1341.33,,,21677.15,427354.89,363920.94,114478.45,224684.87,224684.87,,,,,,1150.0,3539.93,43978.84,219.75,8774.38,427354.89
2023.8,231576.32,217673.89,3750.44,10151.99,15240.68,15240.68,146836.22,1359.52,,,21827.7,416840.45,353555.18,111437.81,218102.93,218102.93,,,,,,1050.0,1855.27,44706.43,219.75,8537.19,416840.45
2023.7,231736.57,217824.72,3633.25,10278.6,15240.68,15240.68,135783.71,1363.19,,,23967.53,408091.68,347843.94,111060.85,213840.69,213840.69,,,,,,950.0,1486.56,45154.97,219.75,6064.21,408091.68
2023.6,231574.38,217733.71,3539.95,10300.72,15240.68,15240.68,143449.64,1559.25,,,26238.89,418062.84,365235.34,110311.22,231388.96,231388.96,,,,,,950.0,1458.24,36873.7,219.75,6544.37,418062.84
2023.5,231469.31,217822.22,3455.76,10191.33,15240.68,15240.68,131711.72,1565.5,,,26433.63,406420.84,344206.59,109771.27,211438.1,211438.1,,,,,,950.0,1943.93,46016.9,219.75,6674.58,406420.84
2023.4,231338.37,217895.06,3385.1,10058.21,15240.68,15240.68,137902.3,1562.72,,,26610.13,412654.2,351668.92,110903.21,217622.83,217622.83,,,,,,1000.0,1503.96,44984.57,219.75,6784.49,412654.2
2023.3,230941.18,217893.63,3349.5,9698.05,15240.68,15240.68,146628.42,1564.52,,,26632.46,421007.27,364071.5,110936.84,230382.81,230382.81,,,,,,950.0,1652.61,41318.08,219.75,6690.57,421007.27
2023.2,229061.8,216182.12,3270.77,9608.91,15240.68,15240.68,143390.44,1551.26,,,28435.17,417679.36,350383.69,113860.09,,213456.77,,,,,,950.0,1571.72,51300.31,219.75,7291.16,417679.36
2023.1,228513.62,216249.25,3169.49,9094.88,15240.68,15240.68,148166.96,1548.67,,,28594.78,422064.71,358910.69,122673.18,,209148.22,,,,,,950.0,1925.11,47736.54,219.75,7093.77,422064.71
2022.12,226906.56,214712.28,3106.57,9087.71,15240.68,15240.68,143132.29,1557.0,,,29947.25,416783.78,360956.03,110012.57,,227876.54,,,,,,950.0,1574.47,41272.91,219.75,6602.21,416783.78
2022.11,225813.47,213773.49,2985.1,9054.88,15240.68,15240.68,129030.57,1555.92,,,29886.98,401527.62,334805.67,104835.63,,208722.1,,,,,,950.0,1718.39,52363.28,219.75,6306.62,401527.62
2022.10,224736.66,213137.49,2855.63,8743.54,15240.68,15240.68,129059.88,1569.33,,,28264.71,398871.25,332953.5,103575.52,,208542.63,,,,,,950.0,1686.47,53509.52,219.75,4588.18,398871.25
2022.9,224439.67,213127.04,2855.63,8457.0,15240.68,15240.68,128810.82,1754.61,,,27156.48,397402.27,341831.63,104051.11,,216253.7,,,,,,950.0,1465.69,43738.05,219.75,3881.28,397402.27
2022.8,225575.68,213157.68,2855.63,9562.37,15240.68,15240.68,117690.14,1745.62,,,24390.16,384642.28,325624.09,102295.88,,202148.65,,,,,,950.0,1537.76,47047.66,219.75,2989.46,384642.28
2022.7,225614.78,213179.97,2855.63,9579.18,15240.68,15240.68,119635.4,1742.6,,,23394.0,385627.47,324197.28,101513.24,,202092.89,,,,,,950.0,1553.83,50123.39,219.75,2557.47,385627.47
2022.6,225365.84,213187.48,2855.63,9322.73,15240.68,15240.68,126805.26,1743.96,,,23398.86,392554.6,334251.89,101228.76,,212469.45,,,,,,950.0,1312.63,45748.0,219.75,3630.93,392554.6
2022.5,225477.56,213228.67,2855.63,9393.26,15240.68,15240.68,119480.95,1770.79,,,23349.79,385319.77,325085.37,100710.16,,204605.98,,,,,,950.0,1293.58,46413.92,219.75,4910.57,385319.77
2022.4,226267.6,213318.52,2855.63,10093.45,15240.68,15240.68,120160.2,4119.28,,,23548.27,389336.03,326823.44,100856.54,,206134.42,,,,,,950.0,1186.55,43329.6,219.75,9505.35,389336.03
2022.3,226202.31,213494.82,2855.63,9851.87,15240.68,15240.68,129348.52,4118.03,,,23816.35,398725.89,335458.34,100737.77,,215231.7,,,,,,950.0,1188.03,42002.79,219.75,11816.88,398725.89
2022.2,225836.31,213262.43,2855.63,9718.25,15240.68,15240.68,137638.35,4114.28,,,23399.38,406229.0,328648.67,104182.46,,204313.02,,,,,,950.0,1633.74,54659.49,219.75,13199.15,406229.0
2022.1,225696.18,213200.55,2855.63,9640.0,15240.68,15240.68,134700.09,4112.28,,,23376.0,403125.23,331197.31,111876.69,,194279.92,,,,,,950.0,1036.28,49781.39,219.75,13899.89,403125.23
2021.12,225102.82,212867.2,2855.63,9380.0,15240.68,15240.68,128645.47,4125.22,,,22588.05,395702.25,329487.34,96164.8,,212392.89,,,,,,950.0,998.21,42931.68,219.75,15061.88,395702.25
2021.11,223639.0,212609.4,2855.63,8173.97,15240.68,15240.68,129928.43,4128.46,,,20177.69,393114.26,317810.22,92595.84,,205698.6,,,,,,950.0,1415.67,52963.28,219.75,14934.21,393114.26
2021.10,223262.38,212255.05,2855.63,8151.7,15240.68,15240.68,133073.72,4151.97,,,19190.6,394919.35,314962.54,91301.57,,203832.77,,,,,,950.0,1156.13,57236.26,219.75,15604.6,394919.35
2021.9,223230.38,212145.89,2855.63,8228.87,15250.24,15250.24,132450.49,4148.68,,,16893.85,391973.65,324341.24,92426.82,,212046.96,,,,,,950.0,1357.8,46143.39,219.75,13768.72,391973.65
2021.8,223256.93,212123.55,2855.63,8277.75,15250.24,15250.24,120568.13,4341.99,,,16070.19,379487.47,307438.1,90108.63,,198187.0,,,,,,950.0,1083.46,51111.3,219.75,13390.77,379487.47
2021.7,220409.56,212143.63,2855.63,5410.31,15250.24,15250.24,121611.82,4342.61,,0.0,18887.38,380501.62,310607.12,89677.16,,202120.98,,,,,,900.0,964.63,50061.74,219.75,12341.91,380501.62
2021.6,220505.68,212130.2,2855.63,5519.85,15250.24,15250.24,130900.47,4354.48,,,18886.49,389897.36,324494.14,89614.1,,216320.68,,,,,,900.0,942.49,45666.43,219.75,11955.47,389897.36
2021.5,219265.24,211939.84,2855.63,4469.77,15250.24,15250.24,129186.71,4351.67,,0.0,18862.92,386916.77,320697.25,89384.75,,213457.96,,,,,,950.0,1028.39,47239.93,219.75,12292.69,386916.77
2021.4,219122.64,211727.11,2855.63,4539.9,15250.24,15250.24,124490.83,4409.74,,0.0,19042.01,382315.47,318677.99,91050.15,,209032.05,,,,,,900.0,1119.94,43754.83,219.75,12487.31,382315.47
2021.3,219213.98,211553.27,2855.63,4805.08,15250.24,15250.24,124657.22,4427.26,,,19224.06,382772.77,326956.16,92459.49,,216682.77,,,,,,900.0,1038.8,36719.33,219.75,11990.98,382772.77
2021.2,219328.8,211634.89,2855.63,4838.29,15250.24,15250.24,124384.38,4450.66,,0.0,19679.08,383093.17,321556.29,99828.72,,202351.6,,,,,,1000.0,1055.81,42405.69,219.75,11948.5,383093.17
2021.1,218073.61,211400.06,2855.63,3817.92,15250.25,15250.25,132072.17,4431.82,,,19303.62,389131.46,316822.07,95834.6,,203006.66,,,,,,900.0,1059.65,53529.47,219.75,11957.07,389131.46
2020.12,218039.98,211308.1,2855.63,3876.25,15250.24,15250.24,133355.47,4447.14,,,16582.7,387675.54,330428.14,89823.29,,222906.08,,,,,,900.0,929.67,38681.53,219.75,11634.63,387675.54
2020.11,218209.41,211636.8,2855.63,3716.98,15250.24,15250.24,130987.49,4754.34,,,12787.85,381989.33,314518.55,86885.46,,210364.03,,,,,,900.0,1010.06,47771.7,219.75,12463.19,381989.33
2020.10,218185.21,211577.49,2855.63,3752.09,15250.24,15250.24,120745.14,4740.42,,,12891.7,371812.72,302380.38,86357.71,,198214.43,,,,,,950.0,981.22,49894.37,219.75,12111.49,371812.72
2020.9,218213.05,211625.4,2855.63,3732.02,15250.24,15250.24,123619.62,4741.61,,,12903.17,374727.69,315643.28,88063.47,,209650.34,,,,,,950.0,1080.69,39774.34,219.75,11767.0,374727.69
2020.8,218361.92,211684.91,2855.63,3821.39,15250.24,15250.24,113772.74,4766.34,,,12901.04,365052.29,298170.0,85434.74,,196502.18,,,,,,950.0,1137.83,47793.13,219.75,11750.36,365052.29
2020.7,218374.92,211723.16,2855.63,3796.14,15250.24,15250.24,106614.95,4762.43,,,12922.35,357924.9,297172.87,85166.78,,196061.37,,,,,,950.0,1079.54,42557.88,219.75,11068.35,357924.9
2020.6,218332.59,211742.47,2855.63,3734.49,15250.24,15250.24,111618.6,4747.46,,,13982.4,363931.3,308338.55,85413.1,,207202.69,,,,,,950.0,1198.45,38252.64,219.75,10222.08,363931.3
2020.5,218333.25,211802.63,2855.63,3675.0,15250.24,15250.24,115525.4,4746.85,,,14015.0,367870.74,308694.78,85688.28,,207935.31,,,,,,975.0,1250.98,42277.88,219.75,9494.26,367870.74
2020.4,218310.7,211914.83,2855.63,3540.24,15250.24,15250.24,107996.43,4741.31,,,14048.99,360347.67,311688.24,88073.91,,208740.67,,,,,,975.0,1185.14,32316.01,219.75,8914.45,360347.67
2020.3,218315.78,212079.04,2855.63,3381.11,15250.24,15250.24,113014.34,4734.95,,,14059.42,365374.74,317806.72,90750.94,,212680.93,,,,,,985.0,1896.22,30775.31,219.75,8675.46,365374.74
2020.2,218452.13,212249.09,2855.63,3347.41,15250.24,15250.24,108534.97,4741.95,,,14041.97,361021.26,308676.04,96497.29,,197359.23,,,,,,995.0,934.72,37167.01,219.75,8415.11,361021.26
2020.1,218649.84,212374.43,2855.63,3419.78,15250.24,15250.24,120824.15,4740.84,,,14030.02,373495.1,321597.94,101156.76,,202608.32,,,,,,1020.0,1136.57,36788.28,219.75,8016.7,373495.1
2019.12,218638.72,212317.26,2855.63,3465.84,15250.24,15250.24,117748.86,4623.39,,,14869.26,371130.48,324174.95,82859.05,,226023.86,,,,,,1020.0,841.77,32415.13,219.75,7884.49,371130.48
2019.11,218658.55,212336.16,2855.63,3466.77,15250.24,15250.24,108157.72,5534.41,,,15474.43,363075.36,304007.53,79335.12,,209882.96,,,,,,1010.0,1105.79,42063.57,219.75,10019.23,363075.36
2019.10,218729.03,212347.97,2855.63,3525.43,15250.24,15250.24,104373.95,5436.91,,,15850.34,359640.48,298840.66,78989.82,,205823.5,,,,,,1000.0,1069.97,43657.73,219.75,10250.39,359640.48
2019.9,218767.53,212353.95,2855.63,3557.96,15250.24,15250.24,106774.83,5167.63,,,16006.52,361966.76,305881.99,80217.69,,212229.56,,,,,,940.0,1105.55,38526.8,219.75,10517.43,361966.76
2019.8,218800.16,212364.4,2834.64,3601.12,15250.24,15250.24,104771.98,5042.83,,,16487.69,360352.9,300320.76,78752.58,,207945.06,,,,,,790.0,1127.73,41884.61,219.75,11191.31,360352.9
2019.7,218680.56,212448.12,2813.4,3419.04,15250.24,15250.24,103111.63,5041.63,,,15868.8,357952.87,301260.44,78122.38,,210260.44,,,,,,540.0,966.72,41754.33,219.75,8768.46,357952.87
2019.6,218521.93,212455.2,2781.97,3284.76,15250.24,15250.24,101860.31,4841.63,,,23121.16,363595.27,313085.98,78236.87,,221817.24,,,,,,740.0,903.76,35682.52,219.75,8726.66,363595.27
2019.5,218421.8,212517.12,2750.95,3153.72,15250.24,15250.24,100015.87,4691.63,,,20635.18,359014.72,304115.16,78415.47,,213073.63,,,,,,415.0,1352.41,39345.27,219.75,9233.32,359014.72
2019.4,218245.39,212528.04,2705.27,3012.08,15250.24,15250.24,94096.0,4706.82,,,16293.97,348592.42,298771.05,79782.57,,206201.77,,,,,,315.0,1276.85,36060.52,219.75,7219.03,348592.42
2019.3,218109.66,212536.65,2663.61,2909.41,15250.24,15250.24,93667.54,4708.59,,26.97,16789.62,348552.63,303711.03,81310.67,,209648.14,,,,,,315.0,819.25,31407.14,219.75,7387.06,348552.63
2019.2,217980.04,212541.24,2632.43,2806.37,15250.24,15250.24,100907.79,4657.79,,27.53,17385.99,356209.39,303569.26,87532.25,,202930.71,,,,,,315.0,1173.14,38516.63,219.75,7870.29,356209.39
2019.1,217763.22,212544.54,2603.83,2614.85,15250.24,15250.24,107056.45,4646.28,,27.92,18527.7,363271.82,313236.23,95776.81,,203473.79,,,,,,200.0,2050.67,35110.81,219.75,7691.69,363271.82
2018.12,217648.06,212556.68,2569.79,2521.59,15250.25,15250.25,111517.46,4642.6,,27.84,23405.85,372492.06,330956.52,79145.5,,235511.22,,,,,,200.0,1164.51,28224.74,219.75,7710.2,372492.06
2018.11,217580.42,212597.09,2541.5,2441.82,15250.25,15250.25,104023.8,4639.71,,45.14,17530.63,359069.94,305839.03,76425.21,,216967.35,,,,,,200.0,1316.33,37646.3,219.75,10105.7,359069.94
2018.10,218009.8,213168.39,2541.5,2299.91,15250.25,15250.25,102242.86,5956.83,,49.11,16829.13,358337.97,298171.03,76487.06,,211727.06,,,,,,,2485.28,41704.54,219.75,12062.26,358337.97
2018.9,218810.54,214084.15,2541.5,2184.89,15274.09,15274.09,109333.36,5956.83,,45.02,16809.91,366229.75,317918.35,78117.23,,231051.12,,,,,,,2049.55,34794.98,219.75,7698.09,366229.75
2018.8,219951.48,215278.1,2541.5,2131.88,15274.09,15274.09,104345.1,5953.63,,40.39,17052.17,362616.86,311147.14,75744.16,,227764.54,,,,,,,1398.43,38843.2,219.75,7521.74,362616.86
2018.7,220129.82,215301.95,2541.5,2286.37,15274.09,15274.09,104707.06,5947.94,,53.27,17170.79,363282.97,311857.68,75506.83,,229937.54,,,,,,,1199.4,39241.89,219.75,7208.14,363282.97
2018.6,220183.33,215193.78,2541.5,2448.05,15274.09,15274.09,103424.01,5947.94,,54.37,17818.71,362702.44,318471.19,75657.75,,237805.08,,,,,,,1117.8,32041.47,219.75,7105.73,362702.44
2018.5,220168.94,215117.7,2541.5,2509.75,15274.09,15274.09,97160.5,5949.94,,53.99,17541.98,356149.44,304487.07,75912.6,,223565.24,,,,,,,2741.2,37393.81,219.75,7420.95,356149.44
2018.4,220101.22,215026.26,2541.5,2533.47,15274.09,15274.09,93847.46,5949.94,,57.64,17994.91,353225.27,307283.61,77626.23,,224662.34,,,,,,,1233.27,33433.49,219.75,7053.74,353225.27
2018.3,220277.91,214952.04,2541.5,2784.37,15274.09,15274.09,99901.88,5949.94,,35.65,18168.93,359608.4,321350.16,79452.59,,238740.05,,,,,,,928.59,26373.97,219.75,6567.48,359608.4
2018.2,220369.03,214873.66,2541.5,2953.87,15274.09,15274.09,103154.71,5949.94,,98.57,17681.82,362528.16,318288.71,91477.8,,224608.56,,,,,,,1005.51,32023.11,219.75,6586.02,362528.16
2018.1,220677.03,214833.15,2541.5,3302.38,15274.09,15274.09,97888.52,5986.62,,99.03,17874.92,357800.2,307499.28,81557.19,,224704.52,,,,,,,1024.71,38144.22,219.75,6419.66,357800.2
2017.12,221164.12,214788.33,2541.5,3834.29,15274.09,15274.09,102230.35,5986.62,,101.95,18174.48,362931.62,321870.76,77073.58,,243802.28,,,,,,,880.0,28626.03,219.75,6315.84,362931.62
2017.11,221984.56,215151.52,2541.5,4291.54,15274.09,15274.09,101125.5,6321.41,,88.41,17679.9,362473.88,307064.54,74851.16,,231218.49,,,,,,,1243.26,41410.36,219.75,7115.04,362473.88
2017.10,222239.61,215127.83,2541.5,4570.27,15274.09,15274.09,97454.35,6318.41,,89.45,17499.43,358875.34,305318.36,74544.86,,229778.44,,,,,,0.0,1095.84,40791.54,219.75,5748.36,358875.34
2017.9,222589.36,215106.85,2541.5,4941.02,15274.09,15274.09,89148.68,6318.41,,95.26,16570.75,349996.56,306044.19,76626.49,,228516.42,,,,,,,1025.47,31095.04,219.75,5564.88,349996.56
2017.8,222577.85,215098.35,2541.5,4938.0,15274.09,15274.09,86175.1,6318.41,,94.75,16704.19,347144.4,301892.63,73817.22,,227174.06,,,,,,,1259.06,33119.78,219.75,4269.19,347144.4
2017.7,222787.49,215106.56,2541.5,5139.43,15274.09,15274.09,91383.16,6318.41,,96.4,14750.55,350610.11,299098.02,73259.69,,224936.93,,,,,,,1152.03,38442.69,219.75,4345.96,350610.11
2017.6,223007.56,215153.03,2541.5,5313.03,15274.09,15274.09,85906.57,6318.41,,97.13,14421.85,345025.62,303771.57,73268.68,,229662.13,,,,,,,1599.31,28112.9,219.75,3725.25,345025.62
2017.5,223430.64,215496.18,2541.5,5392.96,15274.09,15274.09,85834.2,6313.41,,98.94,11533.93,342485.22,299584.96,73746.18,,225838.79,,,,,,500.0,829.56,30943.56,219.75,1635.09,342485.22
2017.4,223811.9,215789.52,2541.5,5480.88,15274.09,15274.09,84560.93,6313.41,,103.82,11232.7,341296.85,299463.62,74434.11,,225029.51,,,,,,500.0,1274.18,28764.1,219.75,2659.57,341296.85
2017.3,224290.37,216209.5,2541.5,5539.37,15274.09,15274.09,80711.21,6316.41,,117.31,10644.29,337353.68,302387.33,75246.61,,227140.72,,,,,,500.0,1099.03,24025.62,219.75,1377.72,337353.68
2017.2,224887.86,216756.41,2541.5,5589.95,15274.09,15274.09,88464.46,6316.41,,80.4,10446.42,345469.66,302689.17,79362.76,,223326.41,,,,,,500.0,1246.15,31962.0,219.75,1995.92,345469.66
2017.1,225614.58,217337.6,2541.5,5735.48,15274.09,15274.09,91346.34,6316.41,,79.57,9636.66,348267.65,307810.72,96762.57,,211048.15,,,,,,500.0,1235.17,29971.11,219.75,1806.15,348267.65
2016.12,229795.77,219425.26,2541.5,7829.01,15274.09,15274.09,84739.02,6324.41,,81.03,7497.26,343711.59,308979.61,74884.44,,234095.17,,,,,,500.0,3195.07,25062.7,219.75,-730.58,343711.59
2016.11,232763.26,222603.28,2541.5,7618.49,15274.09,15274.09,77293.36,6657.9,,70.92,7679.99,339739.52,291922.96,71303.82,,220619.14,,,,,,500.0,3441.53,36166.56,219.75,1242.61,339739.52
2016.10,236441.23,226430.04,2541.5,7469.68,15274.09,15274.09,72549.51,6657.59,,70.0,11065.63,342058.04,290135.09,70642.97,,219492.12,,,,,,600.0,3730.79,37650.16,219.75,3798.03,342058.04
2016.9,238943.29,229108.68,2530.43,7304.17,15274.09,15274.09,61905.21,6657.69,,71.69,12098.46,334950.43,290706.67,71920.48,,218786.19,,,,,,764.0,3786.76,29920.44,219.75,3839.89,334950.43
2016.8,242070.04,232483.5,2516.27,7070.28,15274.09,15274.09,56536.77,6657.69,,75.16,13322.49,333936.25,285240.13,69714.12,,215526.01,,,,,,1664.0,3538.16,32908.89,219.75,5015.25,333936.25
2016.7,243667.22,234402.45,2502.08,6762.68,15274.09,15274.09,56303.7,6657.69,,74.31,13336.94,335313.95,284118.63,69247.92,,214870.72,,,,,,3669.0,3633.56,35164.43,219.75,3456.53,335313.95
2016.6,245223.59,236307.53,2487.73,6428.33,15274.09,15274.09,57566.49,6657.69,,74.74,13345.56,338142.16,289070.82,69030.85,,220039.97,,,,,,6572.0,3881.51,31797.32,219.75,1841.23,338142.16
2016.5,246245.23,237284.8,2445.35,6515.07,15312.73,15312.73,48585.49,6657.69,,73.76,13399.23,330274.13,279211.98,69038.25,,210173.73,,,,,,6572.0,3526.56,34809.39,219.75,1424.61,330274.13
2016.4,246256.57,237821.82,2445.35,5989.4,15312.73,15312.73,47361.98,6657.69,,72.74,13427.18,329088.89,279548.43,70455.9,,209092.53,,,,,,6572.0,3506.94,34093.48,219.75,895.7,329088.89
2016.3,246545.3,238365.77,2416.61,5762.92,15312.73,15312.73,44158.16,6654.59,,72.1,13473.58,326216.46,283376.58,71352.51,,212024.07,,,,,,6572.0,3827.75,27338.77,219.75,971.93,326216.46
2016.2,247839.98,239813.38,2393.38,5633.21,15312.73,15312.73,52604.88,6654.59,,71.66,13359.22,335843.07,290530.03,78394.41,,212135.62,,,,,,6572.0,3579.0,29504.68,219.75,1755.08,335843.07
2016.1,247702.84,242092.21,2367.35,3243.28,15312.73,15312.73,52000.61,6656.59,,71.46,15294.6,337038.84,290411.8,79395.44,,211016.36,,,,,,6572.0,2689.44,31099.77,219.75,2935.38,337038.84
2015.12,253830.67,248537.59,2329.54,2963.55,15312.73,15312.73,26626.36,6656.59,,71.74,15338.87,317836.97,276377.49,69885.95,,206491.55,,,,,,6572.0,1807.28,27179.03,219.75,2855.0,317836.97
2015.11,260254.39,255619.72,2287.09,2347.58,15312.73,15312.73,27519.04,9696.15,,72.04,13398.21,326252.57,271610.21,66935.43,,204674.77,,,,,,6572.0,1606.8,39443.29,219.75,4459.1,326252.57
2015.10,262817.13,258777.74,2240.93,1798.46,15312.73,15312.73,25988.98,9696.55,,61.39,13437.06,327313.84,275791.37,66071.6,,209719.77,,,,,,6572.0,1855.42,36485.54,219.75,4581.23,327313.84
2015.9,262214.21,258244.37,2207.71,1762.13,15312.73,15312.73,25234.76,9696.55,,57.28,13523.34,326038.88,279677.24,68454.85,,211222.39,,,,,,6522.0,1649.93,31542.01,219.75,4584.55,326038.88
2015.8,264970.94,260885.79,2173.11,1912.05,15312.73,15312.73,29801.2,9696.35,,57.49,13547.79,333386.5,283866.05,65583.79,,218282.26,,,,,,6522.0,1623.62,33737.1,219.75,5605.01,333386.5
2015.7,273515.46,264069.3,2135.9,7310.25,15312.73,15312.73,22366.08,9696.35,,55.04,14252.02,335197.68,283173.14,65067.61,,218105.53,,,,,,6522.0,1453.85,36212.81,219.75,5906.57,335197.68
2015.6,276555.22,267149.38,2094.73,7311.11,15312.73,15312.73,23263.93,7696.35,,55.01,14192.58,337075.83,288779.55,65111.9,,223667.65,,,,,,6522.0,1465.51,32481.29,219.75,5915.44,337075.83
2015.5,275236.89,267321.89,669.84,7245.16,15312.73,15312.73,30851.42,7846.35,,56.94,11457.14,340761.47,287792.06,65265.1,,222526.96,,,,,,6522.0,1647.31,32122.45,219.75,10716.33,340761.47
2015.4,275616.52,267701.39,669.84,7245.29,15312.73,15312.73,30600.44,7846.35,,52.95,11459.29,340888.28,293129.47,67127.36,,226002.11,,,,,,6522.0,1703.93,30667.92,219.75,6833.32,340888.28
2015.3,276072.56,268160.81,669.84,7241.92,15312.73,15312.73,31478.7,7847.15,,41.3,11473.1,342225.55,295752.63,69078.1,,226674.52,,,,,,6522.0,1405.32,29829.21,219.75,6767.64,342225.55
2015.2,278395.27,270468.22,669.84,7257.21,15312.73,15312.73,32422.43,7847.15,,11.67,11421.56,345410.82,298674.42,82921.96,,215752.46,,,,,,6522.0,1447.11,32344.83,219.75,4562.92,345410.82
2015.1,278606.09,270688.81,669.84,7247.44,15312.73,15312.73,25789.62,7848.81,,11.66,11299.13,338868.05,288343.85,69461.11,,218882.75,,,,,,6522.0,1561.64,37803.05,219.75,2912.37,338868.05
2014.12,278622.85,270681.33,669.84,7271.68,15312.73,15312.73,24985.27,7848.81,,11.62,11467.5,338248.79,294093.02,67151.28,,226941.74,,,,,,6522.0,1833.83,31275.33,219.75,2746.51,338248.79
2014.11,279937.04,271970.42,669.84,7296.78,15312.73,15312.73,25022.62,8731.65,,25.29,11191.29,340220.62,280045.59,64500.85,,215544.73,,,,,,6522.0,1481.9,45422.42,219.75,4918.07,340220.62
2014.10,280021.78,272038.1,669.84,7313.83,15312.73,15312.73,24116.15,8731.65,,25.3,11077.36,339284.97,279382.16,63776.83,,215605.33,,,,,,6522.0,1629.25,44548.9,219.75,5360.91,339284.97
2014.9,280121.2,272017.91,669.84,7433.45,15312.73,15312.73,21015.29,8731.65,,25.3,11055.44,336261.61,285299.18,65544.74,,219754.43,,,,,,6922.0,1964.0,36787.46,219.75,3407.5,336261.61
2014.8,280184.03,272151.84,669.84,7362.35,15312.73,15312.73,15455.89,8787.71,,25.32,10868.54,330634.21,277957.39,63886.74,,214070.65,,,,,,6922.0,1398.31,39135.42,219.75,3366.82,330634.21
2014.7,280180.25,272128.62,669.84,7381.79,15312.73,15312.73,14933.83,8789.78,,25.31,10849.65,330091.56,276652.23,63096.17,,213556.06,,,,,,6932.0,1348.45,38940.21,219.75,4412.85,330091.56
2014.6,280169.49,272131.01,669.84,7368.65,15312.73,15312.73,14556.64,8809.15,,24.99,10825.59,329698.6,279898.66,63260.47,,216638.19,,,,,,7132.0,1477.31,33282.98,219.75,6171.34,329698.6
2014.5,281053.35,272998.64,669.84,7384.86,15312.73,15312.73,13901.51,8809.15,,24.99,9921.5,329023.22,273929.23,63694.15,,210235.09,,,,,,7362.0,1330.31,36029.39,219.75,8706.61,329023.22
2014.4,281038.76,272995.03,669.84,7373.89,15312.73,15312.73,12973.33,8809.15,,24.99,9921.3,328080.26,272963.09,64522.39,,208440.7,,,,,,7762.0,1462.04,34977.18,219.75,9298.02,328080.26
2014.3,280177.69,272149.14,669.84,7358.72,15312.73,15312.73,12384.02,8818.02,,24.99,9929.75,326647.21,274741.06,64815.75,,209925.3,,,,,,7762.0,1998.79,28962.81,219.75,11597.18,326647.21
2014.2,278403.07,270407.88,669.84,7325.35,15312.73,15312.73,13136.94,8838.03,,24.99,9303.99,325019.77,273997.48,69299.97,,204697.51,,,,,,7762.0,1696.7,32401.35,219.75,7618.99,325019.77
2014.1,277186.01,269215.34,669.84,7300.83,15312.73,15312.73,21281.18,8838.07,,24.99,8538.53,331181.51,287732.11,85752.96,,201979.15,,,,,,7762.0,1975.68,28424.89,219.75,3793.62,331181.51
2013.12,272233.53,264270.04,669.84,7293.66,15312.73,15312.73,13147.9,8907.36,,24.99,7652.04,317278.55,271023.09,64980.93,,206042.17,,,,,,7762.0,2088.27,28610.6,219.75,6244.57,317278.55
2013.11,270052.59,262036.62,669.84,7346.13,15312.73,15312.73,15501.98,10207.13,,24.99,7369.73,318469.15,260121.97,62059.05,,198062.92,,,,,,7762.0,1875.83,41915.69,219.75,5259.65,318469.15
2013.10,266047.16,258043.26,669.84,7334.06,15312.73,15312.73,15543.31,10208.17,,24.99,7380.94,314517.3,258407.14,61232.18,,197174.96,,,,,,7772.0,1479.11,41163.0,219.75,4156.35,314517.3
2013.9,261561.48,253548.68,669.84,7342.96,15312.73,15312.73,16680.77,10242.23,,24.99,7369.0,311191.2,263137.87,63041.13,,200096.74,,,,,,7878.0,1817.84,34480.77,219.75,2388.69,311191.2
2013.8,258881.69,250866.64,669.84,7345.21,15312.73,15312.73,17108.11,10217.15,,24.99,7381.23,308925.9,257316.7,60310.94,,197005.76,,,,,,8246.42,1425.71,37140.37,219.75,3316.49,308925.9
2013.7,257896.86,249887.92,669.84,7339.1,15312.73,15312.73,16106.96,10217.05,,24.99,7138.57,306697.16,254421.13,59663.68,,194757.45,,,,,,9549.79,1162.07,36789.04,219.75,3244.65,306697.16
2013.6,257853.95,249868.78,669.84,7315.33,15312.73,15312.73,16182.04,10218.54,,24.99,7148.84,306741.1,257776.47,59831.34,,197945.13,,,,,,10381.79,1127.07,32329.99,219.75,3589.16,306741.1
2013.5,257935.69,249959.64,669.84,7306.21,15312.73,15312.73,11844.24,10022.82,,24.99,7004.87,302145.34,249455.52,59636.61,,189818.91,,,,,,11443.38,1220.51,32338.36,219.75,6140.72,302145.34
2013.4,256912.77,248946.77,669.84,7296.17,15312.73,15312.73,11649.89,10023.06,,24.99,6877.4,300800.84,251510.58,60922.61,,190587.96,,,,,,12830.0,1267.65,27647.64,219.75,5995.45,300800.84
2013.3,254127.19,246103.34,669.84,7354.02,15313.69,15313.69,11374.77,10025.94,,24.99,8073.84,298940.43,253649.82,61330.87,,192318.96,,,,,,13880.0,1295.98,22757.24,219.75,5787.7,298940.43
2013.2,251277.32,243222.54,669.84,7384.94,15313.69,15313.69,13002.97,10035.1,,24.99,8521.32,298175.38,251965.27,67415.55,,184549.71,,,,,,13880.0,1076.51,24473.34,219.75,5294.96,298175.38
2013.1,248268.26,240184.99,669.84,7413.43,15313.69,15313.69,14502.65,10038.4,,24.99,9783.57,297931.57,252943.96,68818.55,,184125.41,,,,,,13880.0,1000.06,23966.26,219.75,4667.61,297931.57
2012.12,241416.9,236669.93,669.84,4077.13,15313.69,15313.69,16701.08,10038.62,,24.99,11041.91,294537.19,252345.17,60645.97,,191699.2,,,,,,13880.0,1464.24,20753.27,219.75,4525.91,294537.19
2012.11,239963.43,235203.83,669.84,4089.76,15313.69,15313.69,16548.06,10229.1,,24.99,7798.13,289877.39,234898.2,57410.47,,177487.73,,,,,,15812.6,1149.6,31598.54,219.75,4864.85,289877.39
2012.10,240105.04,235307.85,669.84,4127.35,15313.69,15313.69,20443.37,10232.6,,24.99,6184.73,292304.42,234515.97,56421.35,,178094.61,,,,,,16798.06,1142.48,33145.25,219.75,5196.17,292304.42
2012.9,240190.51,235297.01,669.84,4223.66,15313.69,15313.69,17901.8,10233.95,,24.99,5992.82,289657.75,236032.58,59177.8,,176854.78,,,,,,17464.18,1241.52,28149.08,219.75,5253.58,289657.75
2012.8,240055.72,235276.63,669.84,4109.25,15313.69,15313.69,14336.45,10240.67,,24.99,6003.44,285974.95,228487.35,55069.1,,173418.25,,,,,,17811.73,1028.26,31177.96,219.75,5970.72,285974.95
2012.7,239981.89,235221.27,669.84,4090.77,15313.69,15313.69,11820.33,10625.94,,24.99,6813.43,284580.27,225528.76,54407.42,,171121.34,,,,,,17927.6,1036.16,30860.63,219.75,7767.55,284580.27
2012.6,239978.29,235189.82,669.84,4118.63,15349.06,15349.06,13303.72,10625.33,,24.99,6789.65,286071.05,228050.85,54294.32,,173756.53,,,,,,18690.9,1097.06,27550.26,219.75,9279.95,286071.05
2012.5,239912.16,235159.32,669.84,4082.99,15349.06,15349.06,11048.23,10630.07,,24.99,6790.24,283754.74,221952.79,53507.82,,168444.97,,,,,,18777.97,1961.14,29539.83,219.75,10149.71,283754.74
2012.4,239983.29,235173.97,669.84,4139.48,15349.06,15349.06,10793.07,10629.52,,24.99,6771.8,283551.73,224365.65,54735.91,,169629.74,,,,,,19668.53,1935.7,27360.66,219.75,8895.3,283551.73
2012.3,240694.62,235799.52,669.84,4225.27,15349.06,15349.06,10551.5,10635.08,,24.99,6767.13,284022.38,226684.28,54378.61,,172305.67,,,,,,21439.97,1846.58,23085.18,219.75,9639.68,284022.38
2012.2,240146.21,234769.61,669.84,4706.76,15399.73,15399.73,10302.27,10636.56,,24.99,6766.73,283276.49,223343.11,56359.54,,166983.56,,,,,,23109.24,2454.88,26811.49,219.75,6386.59,283276.49
2012.1,239596.43,234139.1,669.84,4787.49,15399.73,15399.73,22525.74,10711.39,,24.99,6765.76,295024.05,237391.7,67739.73,,169651.98,,,,,,23227.88,2669.84,25076.57,219.75,5510.29,295024.05
2011.12,237898.06,232388.73,669.84,4839.49,15399.73,15399.73,10247.54,10643.97,,24.99,6763.31,280977.6,224641.76,55850.07,,168791.68,,,,,,23336.66,2699.44,22733.66,219.75,6437.97,280977.6
2011.11,239554.13,232699.35,669.84,6184.94,15399.73,15399.73,10409.85,10749.15,,24.99,6739.36,282877.21,216624.49,51724.16,,164900.34,,,,,,21442.97,3252.57,34128.48,219.75,6334.44,282877.21
2011.10,240107.32,232960.15,669.84,6477.33,15399.73,15399.73,12746.4,10753.98,,24.99,6697.9,285730.32,212819.83,51058.43,,161761.41,,,,,,21465.41,3996.47,38789.93,219.75,7574.31,285730.32
2011.9,241200.76,233853.55,669.84,6677.37,15399.73,15399.73,9556.6,11244.81,,24.99,7485.33,284912.22,212204.15,52203.22,,160000.93,,,,,,22451.01,4671.93,35711.77,219.75,8793.05,284912.22
2011.8,239197.84,231459.72,669.84,7068.29,15399.73,15399.73,9569.22,11248.9,,24.99,7202.29,282642.97,205141.33,49959.41,,155181.91,,,,,,24608.56,4995.26,38799.59,219.75,8109.47,282642.97
2011.7,237238.34,229159.78,669.84,7408.72,15404.83,15404.83,9638.4,11248.83,,24.99,7158.05,280713.44,202490.07,49335.11,,153154.95,,,,,,26234.13,4894.74,37963.93,219.75,8104.81,280713.44
2011.6,234697.86,226386.73,669.84,7641.29,15404.83,15404.83,9678.04,11253.94,,24.99,7018.94,278078.61,203469.88,48815.89,,154653.99,,,,,,27266.12,4866.43,34542.09,219.75,6911.74,278078.61
2011.5,232020.69,223606.82,669.84,7744.03,15404.83,15404.83,9485.48,11255.51,,24.99,6420.62,274612.12,196186.05,48646.0,,147540.05,,,,,,29296.52,5284.49,34274.82,219.75,8572.34,274612.12
2011.4,229301.15,220472.74,669.84,8158.57,15404.83,15404.83,9502.68,11314.14,,24.99,6217.22,271765.01,193309.49,49450.6,,143858.9,,,,,,29624.84,5286.84,31588.08,219.75,10835.91,271765.01
2011.3,226277.48,217476.46,669.84,8131.18,15404.83,15404.83,9561.47,11318.75,,24.99,6230.52,268818.05,192565.38,49272.52,,143292.86,,,,,,31160.33,4579.94,27289.03,219.75,12025.18,268818.05
2011.2,222399.56,213753.16,669.84,7976.56,15421.11,15421.11,10478.06,11318.01,,24.99,6408.32,266050.05,191229.92,52493.6,,138736.32,,,,,,34903.59,4327.78,29133.15,219.75,5174.94,266050.05
2011.1,219957.26,211301.39,669.84,7986.03,15421.11,15421.11,15912.63,11317.7,,24.99,6355.1,268988.79,194084.48,63789.4,,130295.08,,,,,,38503.12,3878.57,26459.78,219.75,4944.5,268988.79
2010.12,215419.6,206766.71,669.84,7983.06,15421.11,15421.11,9485.7,11325.81,,24.99,7597.67,259274.89,185311.08,48646.02,136665.06,136480.86,184.2,,,,,40497.23,720.08,24277.32,219.75,7592.23,259274.89
2010.11,212733.8,203774.39,669.84,8289.57,15421.11,15421.11,9318.35,11392.71,,43.96,7543.82,256453.74,171774.25,46126.0,125648.25,125462.08,186.17,,,,,41887.14,718.37,33190.77,219.75,7994.1,256453.74
2010.10,210087.98,200640.26,669.84,8777.88,15551.85,15551.85,9120.95,11443.54,,43.96,7440.32,253688.6,166138.28,45449.35,120688.93,120507.01,181.91,,,,,41671.81,701.69,34977.39,219.75,9318.36,253688.6
2010.9,204810.61,195222.49,669.84,8918.28,15551.85,15551.85,9136.4,11465.79,,43.96,7675.26,248683.87,161320.34,46219.81,115100.53,114945.69,154.84,,,,,44005.15,715.7,32458.79,219.75,9324.5,248683.87
2010.8,202533.93,192833.34,669.84,9030.75,15583.11,15583.11,9090.85,11472.87,,43.96,7398.73,246123.45,154473.8,43541.38,110932.43,110766.4,166.02,,,,,47179.63,716.1,34861.33,219.75,8036.39,246123.45
2010.7,200141.77,190500.79,669.84,8971.14,15621.19,15621.19,9025.71,11500.29,,43.96,8436.93,244769.85,154338.06,42953.98,111384.09,111217.11,166.98,,,,,47491.02,701.42,33770.92,219.75,7617.23,244769.85
2010.6,198356.34,188703.99,669.84,8982.51,15621.19,15621.19,8966.5,11498.54,,43.96,8445.52,242932.04,154234.48,42566.89,111667.58,111506.39,161.19,,,,,46975.16,719.1,31023.02,219.75,9148.14,242932.04
2010.5,196868.82,187177.63,669.84,9021.35,15621.19,15621.19,8822.75,11508.26,,43.96,8431.01,241296.0,147128.24,42109.91,105018.33,104880.99,137.34,,,,,46058.44,719.23,30342.19,219.75,16204.56,241296.0
2010.4,195861.8,186058.1,669.84,9133.86,15621.19,15621.19,8715.65,11508.53,,43.96,8169.4,239920.53,147027.84,43073.77,103954.07,103828.16,125.91,,,,,45610.23,741.53,26657.41,219.75,19010.63,239920.53
2010.3,192118.96,182310.84,669.84,9138.28,15625.89,15625.89,8618.22,11514.57,,43.96,8169.07,236090.67,150032.84,42836.09,107196.75,107057.69,139.06,,,,,43442.31,746.69,23251.03,219.75,17748.46,236090.67
2010.2,189558.26,179412.38,669.84,9476.04,15625.89,15625.89,7186.46,11525.86,,43.96,7823.51,231763.94,152629.41,48187.85,104441.56,104257.21,184.35,,,,,41403.32,746.7,22860.75,219.75,13262.19,231763.94
2010.1,188021.75,177869.14,669.84,9482.77,15661.97,15661.97,7129.5,11530.12,,43.96,7827.41,230214.71,142819.58,44349.17,98470.41,98359.32,111.09,,,,,42380.8,746.7,25275.2,219.75,18130.91,230214.71
2009.12,185333.0,175154.59,669.84,9508.57,15661.97,15661.97,7161.92,11530.15,,43.96,7804.03,227535.02,143985.0,41555.8,102429.2,102280.67,148.52,,,,,42064.21,761.72,21226.35,219.75,18653.2,227535.02
2009.11,183651.65,171638.58,669.84,11343.22,15676.74,15676.74,8752.4,11623.9,,43.96,7858.49,227607.14,133674.46,39627.84,94046.62,93922.83,123.8,,,,,40447.01,758.39,30767.82,219.75,21115.73,227607.14
2009.10,182009.41,168974.86,669.84,12364.71,15676.74,15676.74,7778.7,11686.56,,43.96,7796.17,224991.54,128776.33,38900.51,89875.82,89753.61,122.21,,,,,40563.08,746.92,30302.04,219.75,23759.51,224991.54
2009.9,179720.25,166460.89,669.84,12589.51,15676.74,15676.74,7591.72,11701.0,,43.96,7817.24,222550.91,133406.64,40504.78,92901.86,92797.95,103.9,,,,,39915.61,746.92,27247.71,219.75,20378.54,222550.91
2009.8,174691.81,162093.25,669.84,11928.72,16064.88,16064.88,7553.54,11737.65,,43.96,8473.85,218565.68,124536.07,37597.04,86939.03,86789.33,149.71,,,,,40081.2,746.93,28987.17,219.75,23359.14,218565.68
2009.7,173476.11,160877.98,669.84,11928.28,16073.8,16073.8,7512.98,11748.04,,43.96,8471.42,217326.3,124745.86,37107.01,87638.85,87539.19,99.66,,,,,40460.42,746.94,27374.66,219.75,23143.97,217326.3
2009.6,171854.69,159281.11,669.84,11903.75,16073.8,16073.8,7483.52,11775.8,,43.96,8553.62,215785.39,123929.74,36720.53,87209.21,87121.11,88.09,,,,,41208.84,723.32,24012.97,219.75,25061.4,215785.39
2009.5,170893.08,157638.26,669.84,12584.98,16195.99,16195.99,8512.79,11820.89,,43.96,8556.07,216022.78,122777.91,36661.56,86116.35,86018.85,97.5,,,,,41415.23,724.8,22178.18,219.75,28078.94,216022.78
2009.4,168009.6,154769.11,669.84,12570.64,16195.99,16195.99,8479.29,11832.29,,44.12,7713.29,212274.58,124266.38,37096.03,87170.35,87072.8,97.55,,,,,40795.63,756.17,17815.49,219.75,27815.35,212274.58
2009.3,166051.13,153130.79,337.24,12583.1,16195.99,16195.99,8457.45,11832.51,,44.12,8061.47,210642.67,124276.66,36853.77,87422.89,87318.77,104.13,,,,,41295.83,750.32,15953.96,219.75,27549.65,210642.67
2009.2,165100.0,152156.59,337.24,12606.17,16195.99,16195.99,8384.18,11852.74,,44.12,8039.51,209616.55,125446.91,38285.28,87161.62,87038.56,123.06,,,,,42238.11,771.49,17099.31,219.75,23260.04,209616.55
2009.1,163731.49,150784.95,337.24,12609.31,16195.99,16195.99,8378.06,11852.75,,44.12,8052.7,208255.12,129653.44,47672.66,81980.78,81837.89,142.9,,,,,43521.21,771.49,17618.11,219.75,15890.62,208255.12
2008.12,162543.52,149624.26,337.24,12582.02,16195.99,16195.99,8432.5,11852.66,,44.12,8027.2,207095.99,129222.33,37115.76,92106.57,91894.72,211.85,,,,,45779.83,732.59,16963.84,219.75,13586.45,207095.99
2008.11,159941.35,147032.37,337.24,12571.74,16233.94,16233.94,8442.71,12083.47,,44.12,8054.98,204800.57,119332.71,34456.46,84876.25,84774.86,101.39,,,,,46527.1,733.27,27409.31,219.75,10000.4,204800.57
2008.10,159574.64,146602.17,337.24,12635.23,16233.94,16233.94,8477.19,12103.26,,44.12,8019.45,204452.6,115715.3,34043.37,81671.93,81571.2,100.73,,,,,47429.35,894.36,29322.4,219.75,10293.2,204452.6
2008.9,157908.88,143122.88,337.24,14448.76,16233.94,16233.94,8544.44,12103.44,,44.12,8089.58,202924.4,117336.06,34876.09,82459.97,82378.54,81.43,,,,,45911.46,892.28,27228.46,219.75,10751.43,202924.4
2008.8,154339.66,139521.46,337.24,14480.96,16279.77,16279.77,8554.1,12103.24,,44.12,7943.98,199264.87,117589.81,33698.35,83891.46,83777.96,113.5,,,,,42278.96,892.33,28735.76,219.75,8976.27,199264.87
2008.7,152623.49,137690.05,337.24,14596.2,16279.77,16279.77,8433.95,12104.98,,44.12,7986.61,197472.92,116446.8,33285.24,83161.56,83056.5,105.06,,,,,41717.56,892.35,29130.8,219.75,8508.8,197472.92
2008.6,149580.16,134249.44,337.24,14993.48,16279.77,16279.77,8097.51,12190.11,,44.12,7913.27,194104.94,115353.05,33075.73,82277.32,82177.06,100.26,,,,,41801.74,904.88,27414.37,219.75,7882.37,194104.94
2008.5,146340.75,133518.98,337.24,12484.53,16317.71,16317.71,8078.35,12249.24,,44.12,8018.29,191048.46,108619.45,32826.87,75792.58,75704.17,88.41,,,,,43920.33,904.16,27254.8,219.75,9613.33,191048.46
2008.4,142795.91,131217.94,337.24,11240.73,16317.71,16317.71,8049.58,12289.82,,44.12,7944.52,187441.66,106467.04,33424.51,73042.53,72957.62,84.91,,,,,43018.07,925.58,24753.77,219.75,11560.71,187441.66
2008.3,137436.82,127126.09,337.24,9973.49,16317.71,16317.71,8037.3,12291.74,,44.12,7920.1,182047.79,104224.18,33437.62,70786.56,70608.43,178.13,,,,,39530.84,948.55,21557.65,219.75,15074.53,182047.79
2008.2,133799.27,124427.7,337.24,9034.33,16317.71,16317.71,7698.33,12291.94,,44.12,7910.52,178061.89,107042.77,35548.12,71494.65,71422.44,72.21,,,,,36877.58,946.58,20893.44,219.75,11588.17,178061.89
2008.1,130850.14,120743.12,337.24,9769.78,16317.71,16317.71,7075.11,12291.84,,44.12,7883.95,174462.87,109477.69,40052.01,69425.68,69329.71,95.97,,,,,32306.69,946.86,20056.58,219.75,10929.22,174462.87
2007.12,124825.18,115168.71,337.24,9319.23,16317.71,16317.71,7862.8,12972.34,,63.59,7098.18,169139.8,101545.4,32971.58,68415.86,68094.84,321.02,,,157.96,157.96,34469.13,947.28,17121.1,219.75,14837.14,169139.8
2007.11,122170.97,115031.21,337.24,6802.52,8825.32,8825.32,6310.42,15950.4,,63.68,11979.2,165299.99,92433.16,31389.64,60775.81,60569.24,206.57,,,267.71,267.71,35667.62,933.08,23159.58,219.75,12886.8,165299.99
2007.10,117752.33,111841.27,337.24,5573.82,8825.32,8825.32,6581.3,16005.7,,63.68,11974.05,161202.38,88615.9,30692.1,57661.01,57477.91,183.1,,,262.79,262.79,37109.51,931.55,22727.45,219.75,11598.22,161202.38
2007.9,115860.33,111776.31,337.24,3746.78,8825.32,8825.32,6612.39,16023.29,,63.68,11975.88,159360.89,88212.33,31804.81,56133.42,55979.2,154.22,,,274.1,274.1,38945.73,931.68,20496.85,219.75,10554.55,159360.89
2007.8,111215.9,108793.39,337.24,2085.27,8819.66,8819.66,6611.83,16056.81,,63.68,11841.11,154608.99,83639.33,30153.82,53215.72,53045.25,170.47,,,269.79,269.79,40675.39,927.51,20392.34,219.75,8754.67,154608.99
2007.7,108674.82,107285.27,337.24,1052.31,2825.75,2825.75,6627.71,21847.31,,63.68,11841.72,151880.99,83264.14,29508.8,53509.09,53342.36,166.73,,,246.25,246.25,38268.26,925.04,20566.49,219.75,8637.31,151880.99
2007.6,104870.78,103482.71,337.24,1050.83,2825.75,2825.75,6633.14,21861.22,,63.68,11850.8,148105.37,82663.98,29240.16,53147.04,52984.32,162.72,,,276.78,276.78,37581.81,925.18,18360.79,219.75,8353.86,148105.37
2007.5,102152.42,100750.3,337.24,1064.88,2825.75,2825.75,6624.61,21913.49,,63.68,11825.11,145405.06,77858.11,28969.19,48632.04,48442.53,189.51,,,256.88,256.88,39438.86,938.42,18107.96,219.75,8841.96,145405.06
2007.4,99059.46,97665.53,337.24,1056.69,2825.75,2825.75,6581.41,21918.68,,63.73,11832.5,142281.53,76788.46,30055.85,46457.85,46328.42,129.43,,,274.76,274.76,39533.0,925.78,15990.09,219.75,8824.45,142281.53
2007.3,95939.59,94546.42,337.24,1055.93,2839.26,2839.26,6526.55,21906.72,,66.34,11829.84,139108.3,76990.09,29867.77,46817.03,46698.2,118.83,,,305.29,305.29,38475.16,924.11,13610.98,219.75,8888.21,139108.3
2007.2,92808.54,91401.23,337.24,1070.07,2839.26,2839.26,6521.34,21930.85,,66.34,11425.14,135591.47,80878.55,33977.29,46619.14,46489.14,130.0,,,282.12,282.12,31925.92,938.69,12722.11,219.75,8906.45,135591.47
2007.1,89451.67,88044.93,337.24,1069.5,2856.41,2856.41,6484.92,21917.51,,66.34,11730.92,132507.77,73380.48,30236.4,42943.03,42817.49,125.54,,,201.05,201.05,34337.95,926.2,12907.87,219.75,10735.52,132507.77
2006.12,85772.64,84360.81,337.24,1074.59,2856.41,2856.41,6516.71,21949.75,,66.34,11412.84,128574.69,77757.83,29138.7,48459.26,48223.9,235.36,,,159.87,159.87,29740.58,926.33,10210.65,219.75,9719.55,128574.69
2006.11,81796.61,80400.07,337.24,1059.3,2856.41,2856.41,6584.29,21538.49,,66.4,11464.25,124306.45,68849.71,27542.26,41033.0,40884.3,148.7,,,274.45,274.45,30566.21,914.6,15781.09,219.75,7975.09,124306.45
2006.10,79957.69,78559.22,337.24,1061.23,2862.46,2862.46,6682.86,20858.9,,66.4,11461.54,121889.85,65232.44,27012.3,37965.57,37846.31,119.26,,,254.57,254.57,31054.89,899.84,16285.4,219.75,8197.53,121889.85
2006.9,78201.59,76975.05,337.24,889.3,2862.46,2862.46,6920.45,20080.73,,66.44,11607.94,119739.61,66187.1,28008.42,37985.46,37856.63,128.83,,,193.22,193.22,30297.99,715.77,14226.94,219.75,8092.06,119739.61
2006.8,76380.83,75151.09,337.24,892.5,2862.46,2862.46,6941.0,20118.51,,66.44,11604.76,117974.0,64200.49,26173.72,37832.02,37679.23,152.79,,,194.75,194.75,29436.11,715.92,14471.94,219.75,8929.79,117974.0
2006.7,75388.9,74160.9,337.24,890.76,2862.46,2862.46,6942.97,19017.26,,66.44,11601.07,115879.1,62615.66,25692.05,36741.11,36605.43,135.68,,,182.5,182.5,29770.62,715.97,14064.8,219.75,8492.3,115879.1
2006.6,73446.28,72216.34,337.24,892.7,2875.51,2875.51,6937.9,19097.34,,66.44,13482.3,115905.77,63096.19,25452.68,37456.72,37327.87,128.85,,,186.79,186.79,28642.89,717.94,12047.22,219.75,11181.78,115905.77
2006.5,70662.9,69430.23,337.24,895.43,2891.88,2891.88,6959.06,20206.84,,66.67,11590.57,112377.92,61140.65,25358.14,35630.06,35514.74,115.32,,,152.45,152.45,27773.62,720.24,13031.85,219.75,9491.81,112377.92
2006.4,69110.69,67896.47,337.24,876.98,2891.88,2891.88,7125.85,19564.69,,66.67,11608.17,110367.95,61046.38,26165.81,34729.27,34621.52,107.75,,,151.3,151.3,27636.95,705.95,11780.44,219.75,8978.48,110367.95
2006.3,68440.01,67230.32,337.24,872.45,2891.88,2891.88,7808.61,18942.83,,66.67,11608.01,109758.01,62551.31,25501.6,36912.72,36802.62,110.1,,,136.99,136.99,27556.82,692.67,9684.13,219.75,9053.33,109758.01
2006.2,67214.75,65999.54,337.24,877.97,2891.88,2891.88,7871.79,18403.55,,66.73,11551.88,108000.58,63514.64,26593.45,36783.44,36649.13,134.31,,,137.75,137.75,23831.17,699.28,9000.2,219.75,10735.54,108000.58
2006.1,66269.4,65062.06,337.24,870.1,2892.43,2892.43,9080.89,18394.35,,66.73,11558.5,108262.3,67950.71,32751.23,35063.2,34942.63,120.57,,,136.28,136.28,20421.12,683.67,8556.98,219.75,10430.07,108262.3
2005.12,63339.16,62139.96,337.24,861.96,2892.43,2892.43,4874.29,13226.11,,66.73,11459.57,103676.01,64343.13,25853.97,,,,,,97.91,97.91,20296.0,641.57,7527.23,219.75,10648.33,103676.01
2005.11,62137.35,60923.43,337.24,876.68,2892.43,2892.43,4212.28,13332.37,,94.75,11249.29,101795.5,59136.68,24245.95,,,,,,252.24,252.24,20326.14,641.6,10778.22,219.75,10693.11,101795.5
2005.10,61195.73,59979.12,337.24,879.37,2892.43,2892.43,3703.85,13332.46,,94.8,11241.32,100430.56,59840.99,23803.15,,,,,,196.71,196.71,18094.5,641.61,10938.02,219.75,10695.69,100430.56
2005.9,60121.43,58904.42,337.24,879.77,2929.71,2929.71,3131.43,13331.94,,94.8,11203.32,98844.52,60771.21,24368.87,,,,,,193.29,193.29,16414.4,641.63,9875.09,219.75,10922.44,98844.52
2005.8,58855.96,57636.78,337.24,881.94,2929.71,2929.71,1751.17,14101.62,,94.8,10805.11,96643.48,58782.17,23219.9,,,,,,183.15,183.15,16519.27,641.66,10665.78,219.75,9814.85,96643.48
2005.7,57604.51,56346.6,337.24,920.67,2929.71,2929.71,952.12,14184.7,,95.1,10766.01,95054.85,58271.07,22943.44,,,,,,164.04,164.04,16187.1,624.3,10509.9,219.75,9242.73,95054.85
2005.6,55963.65,54698.13,337.24,928.28,2929.71,2929.71,850.95,13370.94,,95.18,10725.96,92566.84,57360.22,22641.25,,,,,,143.54,143.54,16341.59,622.3,9673.81,219.75,8349.17,92566.84
2005.5,54240.69,52980.22,337.24,923.23,2931.82,2931.82,874.4,8786.06,,136.09,10761.56,86689.09,56589.97,22551.14,,,,,,133.75,133.75,17267.91,611.17,9885.39,219.75,2114.9,86689.09
2005.4,52113.42,50836.94,337.24,939.24,2969.62,2969.62,934.4,8850.09,,136.24,10800.35,84706.08,56219.53,23502.86,,,,,,123.33,123.33,16680.33,623.06,8897.41,219.75,2066.0,84706.08
2005.3,51432.24,50163.35,337.24,931.65,2969.62,2969.62,994.75,8846.7,,136.24,9576.95,83049.11,57588.32,23135.22,,,,,,137.55,137.55,14733.37,617.37,7728.56,219.75,2161.74,83049.11
2005.2,49932.23,48653.85,337.24,941.14,2969.62,2969.62,1053.4,8841.66,,136.25,9321.65,81667.89,58845.59,24914.68,,,,,,109.3,109.3,12552.19,598.01,7234.95,219.75,2217.4,81667.89
2005.1,48760.67,47486.88,337.24,936.55,2969.62,2969.62,1052.85,8829.27,,136.25,9351.11,80450.94,58846.68,26056.84,,,,,,97.67,97.67,11541.63,598.01,6955.21,219.75,2289.66,80450.94
2004.12,46960.13,45939.99,337.24,682.9,2969.62,2969.62,1047.85,8865.09,,136.25,9300.05,78655.33,58856.11,23104.0,,,,,,79.32,79.32,11079.01,562.28,5832.22,219.75,2105.96,78655.33
2004.11,44740.75,43490.01,337.24,913.5,2969.62,2969.62,1157.74,8870.56,,136.27,9089.93,76586.26,53981.71,21946.69,,,,,,185.23,185.23,9551.03,546.52,9862.24,219.75,2425.01,76586.26
2004.10,41239.99,40010.86,337.24,891.89,2975.74,2975.74,1217.16,8889.71,,136.27,9268.42,73418.88,52667.34,21841.88,,,,,,132.8,132.8,9010.16,525.53,9902.89,219.75,1093.21,73418.88
2004.9,39453.51,38237.41,337.24,878.86,3007.02,3007.02,1216.02,8889.51,,138.28,9290.78,71635.1,53150.02,22548.08,,,,,,156.75,156.75,7662.62,525.7,8973.23,219.75,1103.78,71635.1
2004.8,38254.98,37038.25,337.24,879.49,3023.11,3023.11,1263.64,8890.14,,148.87,9172.79,70397.66,51583.2,21216.64,,,,,,157.37,157.37,7210.94,520.88,9496.03,219.75,1366.86,70397.66
2004.7,37325.2,36107.17,337.24,880.79,3007.02,3007.02,1338.78,8890.46,,148.9,9189.04,69702.41,50502.95,20978.85,,,,,,129.66,129.66,7636.76,525.13,9050.32,219.75,1767.5,69702.41
2004.6,36419.14,35198.36,337.24,883.54,3007.02,3007.02,1319.36,8891.03,,149.07,9265.17,68865.02,51305.77,20695.17,,,,,,78.73,78.73,7476.11,524.91,7755.59,219.75,1582.89,68865.02
2004.5,35375.84,34160.36,337.24,878.24,3007.02,3007.02,1311.31,7286.2,,205.79,8676.34,65606.02,49894.06,20665.96,,,,,,75.09,75.09,6159.7,518.65,7345.59,219.75,1468.27,65606.02
2004.4,34894.69,33677.72,337.24,879.73,3007.02,3007.02,1306.93,7265.38,,205.81,10037.21,66641.27,50921.75,21538.14,,,,,,73.91,73.91,6098.74,518.65,6780.09,219.75,2102.29,66641.27
2004.3,33981.27,32758.19,337.24,885.84,3007.02,3007.02,1298.48,7266.65,,206.22,8739.88,64571.11,50461.59,20981.83,,,,,,62.03,62.03,5957.08,517.67,6423.33,219.75,991.69,64571.11
2004.2,32973.48,31750.47,337.24,885.77,3007.02,3007.02,1342.3,7276.6,,206.23,8620.07,63643.38,51691.66,21622.3,,,,,,65.91,65.91,4175.01,493.16,5808.15,219.75,1255.65,63643.38
2004.1,32188.6,30977.22,337.24,874.14,3023.11,3023.11,1372.34,7272.19,,186.93,9001.06,64132.89,53304.76,24890.39,,,,,,65.4,65.4,3250.07,482.58,5332.91,219.75,1542.82,64132.89
2003.12,31141.85,29841.8,337.24,962.81,2901.02,2901.02,1363.34,7255.95,,206.25,8516.19,62004.06,52841.36,21240.48,,,,,,9042.84,58.41,3031.55,482.58,4954.71,219.75,474.11,62004.06
2003.11,32576.25,31292.14,337.24,946.87,2926.11,2926.11,1664.39,7283.73,,206.29,5148.8,59969.24,48670.68,20006.63,,,,,,8969.06,145.82,3758.06,457.58,6601.61,219.75,261.56,59969.24
2003.10,31249.25,29982.19,337.24,929.82,2926.11,2926.11,1774.2,7284.02,,206.29,5228.19,59405.14,48099.13,19722.9,,,,,,8823.46,99.88,3950.08,471.1,6371.37,219.75,293.71,59405.14
2003.9,29944.86,28670.2,337.24,937.42,3058.59,3058.59,1664.29,7284.11,,206.38,5104.64,57948.56,46730.4,19987.97,,,,,,8797.59,105.42,4398.16,450.25,5996.02,219.75,153.98,57948.56
2003.8,28904.92,27647.5,337.24,920.18,3007.24,3007.24,1791.31,7283.85,,206.38,5119.66,56743.45,44682.09,19108.53,,,,,,8772.08,141.37,4103.56,451.99,6048.14,219.75,1237.92,56743.45
2003.7,27946.72,26781.67,337.24,827.81,3007.24,3007.24,1769.72,7282.91,,206.38,5250.28,55084.41,43800.89,18695.96,,,,,,8585.45,121.41,3019.09,440.21,5882.45,219.75,1722.02,55084.41
2003.6,27151.36,25983.47,337.24,830.65,3007.23,3007.23,1773.03,7283.76,,206.49,5242.11,54290.66,43205.96,18485.14,,,,,,8397.11,104.94,2379.7,440.21,5802.93,219.75,2242.11,54290.66
2003.5,26484.27,25310.95,337.24,836.08,3007.23,3007.23,1939.29,7280.29,,206.51,5220.98,53743.83,42408.5,18474.69,,,,,,8205.67,78.84,1389.95,443.13,6261.34,219.75,3021.16,53743.83
2003.4,25786.06,24630.64,337.24,818.18,3007.23,3007.23,2041.44,7280.47,,206.56,6810.05,54694.62,42952.48,18837.43,,,,,,8073.01,64.38,598.92,436.82,5581.38,219.75,4905.27,54694.62
2003.3,25222.19,24062.32,337.24,822.63,2863.79,2863.79,2270.66,7268.43,,206.57,5426.82,52807.17,44111.31,18675.97,,,,,,8008.67,46.6,450.0,433.47,4494.01,219.75,3098.63,52807.17
2003.2,24714.34,23553.02,337.24,824.08,2863.79,2863.79,2330.66,7250.91,,206.65,5307.23,52178.84,45032.69,19400.72,,,,,,7802.08,54.48,950.0,451.54,4005.79,219.75,1519.07,52178.84
2003.1,24474.47,23323.69,337.24,813.54,2863.79,2863.79,2305.31,7244.73,,206.7,5358.6,52336.55,46091.51,23277.91,,,,,,7489.53,54.62,950.0,433.83,3736.57,219.75,904.89,52336.55
2002.12,23242.85,22107.39,337.24,798.22,2863.79,2863.79,2305.08,7240.27,,206.74,5266.29,51107.58,45138.18,18589.1,,,,,,7410.73,41.64,1487.5,423.06,3085.43,219.75,753.66,51107.58
2002.11,22545.61,21501.03,256.0,788.58,2541.85,2541.85,2419.3,7238.94,,206.9,4534.32,49096.17,40901.79,17704.4,,,,,,7132.37,87.68,1837.5,443.09,5038.96,219.75,655.08,49096.17
2002.10,21903.11,20859.69,256.0,787.42,2541.85,2541.85,2448.22,7231.65,,206.4,4556.06,48624.32,40106.24,17313.69,,,,,,6973.28,84.19,1937.5,443.09,5245.99,219.75,671.75,48624.32
2002.9,21424.68,20381.73,256.0,786.95,2569.64,2569.64,2447.05,7214.52,,206.47,4638.3,48263.9,39863.97,17713.56,,,,,,6878.78,84.27,1937.5,442.18,5121.48,219.75,679.02,48263.9
2002.8,20999.66,19956.49,256.0,787.17,2521.58,2521.58,2486.99,7208.64,,206.69,4610.43,47747.36,41469.8,16995.19,,,,,,6849.73,105.42,,460.6,4799.54,219.75,797.67,47747.36
2002.7,20555.93,19515.88,256.0,784.05,2521.58,2521.58,2477.99,7175.12,,206.73,4373.68,47127.08,41187.19,16568.95,,,,,,6797.01,113.55,,470.18,4408.75,219.75,841.21,47127.08
2002.6,20277.5,19252.5,256.0,769.0,2537.5,2537.5,2479.07,7218.98,,212.8,4084.36,46612.82,40554.45,16473.99,,,,,,6714.82,87.33,,454.39,4369.49,219.75,1014.74,46612.82
2002.5,20157.77,19143.27,256.0,758.5,2577.12,2577.12,2479.93,7215.17,,216.98,4178.16,46768.1,40319.88,16447.98,,,,,,6598.51,54.98,,491.37,4433.67,219.75,1303.43,46768.1
2002.4,19979.97,18977.74,256.0,746.23,2657.7,2657.7,2505.15,7210.53,,216.98,4908.48,47449.11,40519.38,17133.22,,,,,,6554.76,51.62,,484.23,3841.95,355.21,2248.34,47449.11
2002.3,19655.71,18659.92,256.0,739.79,2727.7,2727.7,2483.84,7208.54,,217.07,4756.07,47048.17,41221.08,16941.05,,,,,,6519.59,50.77,,484.61,3115.47,355.21,1871.8,47048.17
2002.2,19423.43,18425.0,256.0,742.43,2725.62,2725.62,2512.09,7202.93,,217.08,3948.65,45952.95,40890.63,18089.94,,,,,,6354.74,42.6,,494.9,3045.34,355.21,1166.87,45952.95
2002.1,19005.61,18004.0,256.0,745.61,2725.62,2725.62,2620.79,7064.61,,217.19,3681.64,45311.03,40054.21,18053.95,,,,,,6053.91,40.5,,483.01,3549.59,355.21,869.01,45311.03
2001.12,19860.4,18850.19,256.0,754.21,2821.33,2821.33,,8547.31,8547.31,,,,39851.73,16868.71,17089.13,,,17089.13,17089.13,5893.89,,,,2850.49,355.21,,
2001.11,,,,,,,,,,,,,,,,,,,,,,,,,,,
2001.10,18869.11,18099.43,12.0,757.68,2813.69,2813.69,,8279.91,8279.91,,,,36126.4,15674.4,14900.6,,,14900.6,14900.6,5551.4,,,,4815.97,355.21,,
2001.9,,,,,,,,,,,,,,,,,,,,,,,,,,,
2001.8,17773.83,17015.41,12.0,746.42,2855.3,2855.3,,8272.97,8272.97,,,,36029.46,15499.73,15165.23,,,15165.23,15165.23,5364.5,,,,4274.23,355.21,,
2001.7,17334.43,16576.08,12.0,746.35,2842.73,2842.73,,8261.97,8261.97,,,,35498.65,15222.05,14971.35,,,14971.35,14971.35,5305.25,,,,4407.51,355.21,,
2001.6,17037.7,16282.05,12.0,743.65,2841.19,2841.19,,8322.35,8322.35,,,,35596.8,15172.09,15198.8,,,15198.8,15198.8,5225.91,,,,3983.01,355.21,,
2001.5,16094.66,15339.23,12.0,743.43,2841.76,2841.76,,8321.65,8321.65,,,,35118.59,15063.16,14948.09,,,14948.09,14948.09,5107.34,,,,3985.26,355.21,,
2001.4,15957.96,15196.87,12.0,142.97,2840.5,2840.5,,8441.59,8441.59,,,,34795.1,15806.24,13940.66,,,13940.66,13940.66,5048.2,,,,4503.63,355.21,,
2001.3,15857.73,15088.96,12.0,756.77,2731.05,2731.05,,8440.81,8440.81,,,,35634.12,15577.13,15064.29,,,15064.29,15064.29,4992.7,,,,3450.33,355.21,,
2001.2,15777.71,15002.82,12.0,762.89,2801.81,2801.81,,8515.1,8515.1,,,,35591.8,16085.71,14671.37,,,14671.37,14671.37,4834.72,,,,3290.31,356.75,,
2001.1,15090.16,14496.75,12.0,581.41,2729.84,2729.84,,8515.1,8515.1,,,,36864.71,19039.64,13193.98,,,13193.98,13193.98,4631.09,,,,3678.27,356.75,,
2000.12,15582.8,14814.52,12.0,756.28,1582.8,1582.8,,8600.37,8600.37,110.2,,,36491.48,15938.31,16019.03,,,16019.03,16019.03,4534.14,,,,3100.38,356.75,,
2000.11,15479.65,14716.68,12.0,750.97,1582.8,1582.8,,8620.41,8620.41,117.32,,,33431.21,14972.93,14031.52,,,14031.52,14031.52,4426.76,,,,3936.96,366.75,,
2000.10,15290.7,14519.81,12.0,758.89,1582.8,1582.8,,8589.16,8589.16,115.36,,,33676.89,14708.85,14600.8,,,14600.8,14600.8,4367.24,,,,3261.57,366.75,,
2000.9,15191.85,14417.9,12.0,761.95,1582.8,1582.8,,8365.98,8365.98,115.92,,,33845.85,15126.95,14387.96,,,14387.96,14387.96,4330.94,,,,2749.02,366.75,,
2000.8,15148.23,14372.37,12.0,763.86,1582.8,1582.8,,8268.0,8268.0,115.37,,,33277.88,14440.97,14562.59,,,14562.59,14562.59,4274.32,,,,2930.63,366.75,,
2000.7,15116.83,14339.83,12.0,765.0,1582.8,1582.8,,8183.18,8183.18,115.45,,,32725.24,14230.91,14234.51,,,14234.51,14234.51,4259.82,,,,3204.02,366.75,,
2000.6,15155.79,14374.8,12.0,768.99,1582.8,1582.8,,7320.76,7320.76,117.89,,,32469.94,14070.54,14163.85,,,14163.85,14163.85,4235.55,,,,3047.68,366.75,,
2000.5,15107.57,14335.65,12.0,759.92,1582.8,1582.8,,5615.71,5615.71,98.47,,,31508.15,14080.82,13288.1,,,13288.1,13288.1,4139.23,,,,2952.03,366.75,,
2000.4,15026.2,14247.14,12.0,767.06,1582.8,1582.8,,4384.68,4384.68,98.48,,,32430.74,14763.14,13549.11,,,13549.11,13549.11,4118.49,,,,2242.08,366.75,,
2000.3,15049.03,14261.31,12.0,775.72,1582.8,1582.8,,4346.3,4346.3,101.28,,,32290.29,14289.12,13876.22,,,13876.22,13876.22,4124.95,,,,2314.85,366.75,,
2000.2,15026.7,14240.1,12.0,774.5,1582.8,1582.8,,3820.0,3820.0,103.5,,,32240.6,15129.1,13084.6,,,13084.6,13084.6,4026.9,,118.9,,1743.9,366.8,,
2000.1,14965.8,14176.3,12.0,777.5,1582.8,1582.8,,3850.8,3850.8,101.6,,,31924.7,17352.9,10725.5,,,10725.5,10725.5,3846.3,,118.9,,2080.8,366.8,,
1999.12,14458.5,14061.4,12.0,385.1,1582.8,1582.8,,3833.1,3833.1,101.5,,,33620.0,15069.8,14728.5,,,14728.5,14200.7,3821.8,,118.9,,1785.5,366.8,,
1999.11,,,,,,,,,,,,,,,,,,,,,,,,,,,
1999.10,,,,,,,,,,,,,,,,,,,,,,,,,,,
1999.9,14661.6,14252.3,12.0,397.3,,1582.8,,3048.7,,101.9,,,29393.2,13401.8,12315.4,,,,,3676.0,,118.9,,2160.5,366.8,,
1999.8,,,,,,,,,,,,,,,,,,,,,,,,,,,
1999.7,,,,,,,,,,,,,,,,,,,,,,,,,,,
1999.6,13549.9,13134.8,12.0,403.1,,1582.8,,3047.8,,102.5,,,28799.8,11787.0,13405.2,,,,,607.6,,118.9,,1709.2,366.8,,
1999.5,,,,,,,,,,,,,,,,,,,,,,,,,,,
1999.4,,,,,,,,,,,,,,,,,,,,,,,,,,,
1999.3,13522.1,13107.1,12.0,403.0,,1582.8,,3012.5,,102.9,,,29185.8,12251.0,13430.0,,,,,3504.8,,118.9,,1770.6,366.8,,
1999.2,,,,,,,,,,,,,,,,,,,,,,,,,,,
1999.1,,,,,,,,,,,,,,,,,,,,,,,,,,,
1998.12,13560.3,13087.9,12.0,460.4,,1582.8,,2962.8,,103.8,,,31335.3,12064.1,14744.7,,,,,4526.5,,118.9,,1726.1,366.8,,
1998.9,13284.7,12729.3,12.0,543.4,,1582.8,,2607.0,,105.0,,,28177.4,11343.9,12657.5,,,,,4176.0,,,,1877.7,366.6,-1590.9,
1998.6,13169.7,12621.5,12.0,536.2,,1582.8,,2404.0,,109.3,,,30589.8,10551.9,16109.3,,,,,3928.6,,,,1381.1,366.6,-1694.5,
1998.3,13179.7,12651.4,12.0,516.3,,1582.8,,2138.4,,171.0,,,29213.4,11058.0,14479.5,,,,,3675.9,,,,1843.6,366.6,-456.1,
1997.12,13229.2,12649.3,12.0,567.9,,1582.8,,2072.3,,171.0,,,30632.8,10981.1,16114.9,,,,,3536.8,,,,1485.9,366.2,-1190.6,
1997.9,12515.6,12018.1,12.0,485.5,,1582.8,,1898.0,,169.4,,,28379.9,10271.5,14903.4,,,,,3205.0,,,,1722.3,366.2,-890.1,
1997.6,11436.5,10916.1,12.0,508.4,,1582.8,,1835.4,,643.7,,,27485.2,9959.1,14463.4,,,,,3062.7,,,,1572.9,366.3,-809.0,
1997.3,10664.2,10138.6,12.0,513.6,,1582.8,,1658.7,,661.7,,,26811.4,10138.9,13738.3,,,,,2934.2,,,,1434.3,366.2,-534.5,
1996.12,9562.2,9330.0,12.0,220.2,,1582.8,,117.7,,685.7,,,26888.5,9434.8,14354.9,,,,,3098.8,,,,1225.4,366.8,-2040.9,
1996.9,8729.1,8536.8,12.0,180.3,,1582.8,,119.0,,668.4,,,22509.2,9135.3,10434.9,,,,,2939.0,,,,1400.4,368.8,-2004.4,
1996.6,7887.8,7712.6,12.0,163.2,,1582.8,,120.9,,674.9,,,21349.6,8343.4,10261.6,,,,,2744.6,,,,1132.6,369.7,-1649.0,
1996.3,7329.4,7176.8,12.0,140.6,,1582.8,,174.2,,680.1,,,21513.6,8844.7,10052.9,,,,,2616.0,,,,963.2,369.7,-1628.9,
1995.12,6669.5,6511.4,12.0,146.1,,1582.8,,181.6,,680.1,,,20759.8,8574.0,9672.5,,,,,2513.3,,,,973.4,371.1,-1677.1,
1995.9,6020.1,5846.0,12.0,162.1,,1582.8,,183.7,,697.7,,,18705.8,7960.7,8497.9,,,,,2247.2,,,,1236.5,371.2,-1457.3,
1995.6,5322.6,5192.6,12.0,118.0,,1582.8,,200.6,,744.0,,,17297.0,7595.5,7664.4,,,,,2037.1,,,,1498.1,263.8,-1218.9,
1995.3,4992.7,4839.1,12.0,141.6,,1582.8,,312.3,,739.8,,,17588.4,7826.1,7835.5,,,,,1926.8,,,,910.7,265.7,-842.8,
1994.12,4451.3,4263.9,12.0,175.4,,1687.7,,269.9,,728.3,,,17217.8,7883.9,7468.3,,,,,1865.6,,,,833.3,265.7,-728.6,
1994.9,3816.8,3619.0,12.0,185.8,,1582.8,,231.3,,708.3,,,15193.8,6923.5,6634.2,,,,,1636.1,,,,912.1,280.5,-467.2,
1994.6,3081.7,2888.0,12.0,181.7,,1582.8,,275.7,,696.1,,,14138.3,6258.6,6399.3,,,,,1480.4,,,,874.0,280.5,-274.4,
1994.3,2437.6,2253.8,12.0,171.8,,1582.8,,258.7,,682.9,,,13612.3,6308.7,5934.2,,,,,1369.4,,,,635.4,280.5,-298.6,
1993.12,1549.5,1431.8,12.0,105.7,,1582.7,,251.7,,682.3,,,13147.0,6314.2,5541.1,,,,,1291.7,,,,473.4,310.3,-255.0,
1993.9,1451.0,1332.2,12.0,106.8,,1399.8,,144.7,,639.1,,,11075.9,5438.3,4439.6,,,,,1198.0,,,,414.5,310.3,-286.5,
1993.6,1286.5,1183.0,12.0,91.5,,1373.7,,199.3,,600.6,,,10089.1,5228.6,3751.6,,,,,1108.9,,,,340.4,310.3,-411.6,
1993.3,1324.0,1222.0,12.0,90.0,,1339.6,,213.5,,561.1,,,9846.1,4867.3,3844.6,,,,,1134.2,,,,337.6,310.3,-384.1,
