date,cn_shibor1w,cn_shibor_on,cn_lpr1y,cn_10y,cn_2y,cn_1y,cn_3m,cn_cpi_yoy,cn_gdp_yoy
2006-10-31,2.382822222222222,2.0968999999999998,,,,,,,
2006-11-30,3.1839681818181815,2.8768772727272727,,,,,,,
2006-12-31,2.1337347826086956,1.8214173913043479,,,,,,,
2007-01-31,1.6798749999999998,1.495015,,3.0671,2.07,2.07,1.93,,
2007-02-28,2.8061058823529414,2.266064705882353,,3.1466,2.135,2.135,1.92,,
2007-03-31,1.6933636363636362,1.5505090909090908,,3.4338,2.25,2.25,1.99,,
2007-04-30,2.9405565217391305,2.368330434782609,,3.5916,2.2879,2.2879,2.06,,
2007-05-31,2.486072222222222,1.8205777777777779,,4.06,2.49,2.49,2.15,,
2007-06-30,2.704038095238095,2.026938095238095,,4.45,2.68,2.68,2.3,,
2007-07-31,2.697668181818182,2.165872727272727,,4.3401,2.8525,2.8525,2.4682,,
2007-08-31,2.2312478260869564,1.913086956521739,,4.2743,2.8258,2.8258,2.4673,,
2007-09-30,4.260577272727272,2.8305363636363636,,4.3877,3.1766,3.1766,2.8574,,
2007-10-31,3.701627777777778,2.7344444444444442,,4.4937,3.36,3.36,3.12,,
2007-11-30,2.800068181818182,2.0020545454545453,,4.5086,3.77,3.77,3.59,,
2007-12-31,3.118628571428571,1.9050714285714287,,4.4253,3.6774,3.6774,3.29,,
2008-01-31,3.0002863636363633,1.9832181818181818,,4.1937,3.43,3.43,3.196,7.0781,
2008-02-29,3.0429444444444447,2.258861111111111,,4.1283,3.31,3.31,3.15,8.7443,
2008-03-31,2.516438095238095,2.084657142857143,,4.046,3.1081,3.1081,3.0,8.3097,
2008-04-30,3.0572142857142857,2.2890619047619047,,4.0725,3.225,3.225,3.0588,8.4829,
2008-05-31,3.346909523809524,2.504804761904762,,4.1589,3.359,3.359,3.1674,7.7163,
2008-06-30,3.388955,2.81831,,4.5285,3.5467,3.5467,3.31,7.0844,
2008-07-31,3.0952956521739132,2.5076695652173915,,4.4401,3.5405,3.5405,3.3236,6.302,
2008-08-31,3.2486952380952383,2.6609428571428575,,4.2234,3.487,3.487,3.1661,4.9001,
2008-09-30,3.1754333333333333,2.7647714285714287,,3.7155,3.3481,3.3481,3.2211,4.6425,
2008-10-31,3.134885,2.50318,,3.0751,2.527,2.527,2.3942,3.9744,
2008-11-30,2.64389,2.1523499999999998,,2.9905,1.8991,1.8991,1.6,2.434,
2008-12-31,1.5123347826086957,1.122921739130435,,2.7521,1.102,1.102,0.9503,1.1999,
2009-01-31,0.956,0.8634588235294118,,3.0368,1.0884,1.0884,0.9097,0.95,
2009-02-28,0.945442857142857,0.8264857142857144,,3.1508,1.0119,1.0119,0.9012,-1.5582,
2009-03-31,0.9446590909090908,0.8035818181818182,,3.1612,0.967,0.967,0.8447,-1.1714,
2009-04-30,0.9356333333333333,0.8066666666666668,,3.1072,1.0006,1.0006,0.8443,-1.5,
2009-05-31,0.9448368421052631,0.8099315789473684,,3.0409,0.9605,0.9605,0.8495,-1.3713,
2009-06-30,1.0127363636363638,0.8736454545454545,,3.2403,0.981,0.981,0.8882,-1.7,
2009-07-31,1.5077347826086958,1.2526652173913042,,3.503,1.6408,1.6408,1.2697,-1.8057,
2009-08-31,1.468804761904762,1.1570047619047619,,3.4805,1.6023,1.6023,1.2802,-1.2043,
2009-09-30,1.5876173913043479,1.2092478260869566,,3.5132,1.4455,1.4455,1.29,-0.7883,
2009-10-31,1.5215235294117646,1.245658823529412,,3.6886,1.5171,1.5171,1.3007,-0.53,
2009-11-30,1.4322,1.193690476190476,,3.5569,1.4821,1.4821,1.2171,0.56,
2009-12-31,1.4759695652173912,1.1796782608695653,,3.6422,1.4953,1.4953,1.2286,1.8559,
2010-01-31,1.46892,1.11511,,3.58,1.6529,1.6529,1.2659,1.53,
2010-02-28,1.8427647058823529,1.5557529411764706,,3.3753,1.6294,1.6294,1.3244,2.6953,
2010-03-31,1.6373869565217392,1.3475391304347826,,3.4818,1.5501,1.5501,1.2112,2.3707,
2010-04-30,1.637714285714286,1.304409523809524,,3.3565,1.5892,1.5892,1.3186,2.8136,
2010-05-31,1.86735,1.68171,,3.243,1.8162,1.8162,1.709,3.0613,
2010-06-30,2.69907619047619,2.2192666666666665,,3.279,2.1346,2.1346,2.0883,2.9499,
2010-07-31,2.036077272727273,1.6771,,3.2996,1.9318,1.9318,1.5064,3.3042,
2010-08-31,1.8306000000000002,1.577772727272727,,3.2301,1.9163,1.9163,1.6862,3.4794,
2010-09-30,2.4052045454545454,1.7984772727272726,,3.3183,1.9459,1.9459,1.8546,3.6056,
2010-10-31,1.9948117647058823,1.6072176470588235,,3.6821,2.043,2.043,1.8794,4.3655,
2010-11-30,2.0328590909090907,1.7144590909090909,,3.971,2.7925,2.7925,2.7546,5.1192,
2010-12-31,3.9751434782608697,2.8031260869565218,,3.8799,3.3,3.3,3.0672,4.5859,
2011-01-31,4.8930952380952375,4.113628571428571,,4.0187,3.1527,3.1527,3.297,4.9121,9.8
2011-02-28,3.73910625,2.520275,,3.9314,3.0,3.0,2.6208,4.9443,9.8
2011-03-31,2.380095652173913,1.809,,3.912,2.8734,2.8734,2.6179,5.383,9.8
2011-04-30,2.848325,2.070485,,3.8713,2.8094,2.8094,2.5789,5.3442,9.7
2011-05-31,3.696828571428571,2.9530095238095235,,3.8311,3.0348,3.0348,2.9062,5.5146,9.7
2011-06-30,5.896171428571428,4.721919047619048,,3.8857,3.4742,3.4742,3.3902,6.3553,9.7
2011-07-31,5.26782380952381,4.350647619047619,,4.0477,3.7339,3.7339,3.2995,6.4508,9.5
2011-08-31,3.949347826086956,3.168095652173913,,4.105,3.9174,3.9174,3.6175,6.1514,9.5
2011-09-30,4.124180952380952,3.4760238095238094,,3.8605,3.6069,3.6069,3.3724,6.0671,9.5
2011-10-31,3.9460222222222225,3.588083333333333,,3.7607,3.1398,3.1398,3.1207,5.4954,9.1
2011-11-30,3.747622727272727,3.3244772727272722,,3.6091,2.7366,2.7366,2.7057,4.2246,9.1
2011-12-31,3.8855260869565216,3.076582608695652,,3.4211,2.7167,2.7167,2.7403,4.0704,9.1
2012-01-31,4.891641176470588,4.359682352941176,,3.4064,2.7658,2.7658,2.9083,4.5485,8.9
2012-02-29,4.143509523809524,3.430504761904762,,3.534,2.9475,2.9475,2.9646,3.1613,8.9
2012-03-31,3.1382521739130436,2.4813434782608694,,3.5004,2.8355,2.8355,2.7562,3.5856,8.9
2012-04-30,3.821231578947368,3.143863157894737,,3.5391,2.8562,2.8562,2.7637,3.3653,8.1
2012-05-31,2.9472636363636364,2.1519636363636363,,3.3443,2.2307,2.2307,2.17,3.0008,8.1
2012-06-30,3.105775,2.76981,,3.3253,2.342,2.342,2.0991,2.1504,8.1
2012-07-31,3.470745454545454,2.7182,,3.2915,2.3077,2.3077,2.1992,1.8,7.6
2012-08-31,3.4802,2.7431130434782607,,3.3928,2.6806,2.6806,2.5269,2.0,7.6
2012-09-30,3.4823523809523813,2.9173714285714287,,3.4574,2.7921,2.7921,2.7201,1.9,7.6
2012-10-31,3.191961111111111,2.7376222222222224,,3.5739,2.9327,2.9327,2.7921,1.7,7.4
2012-11-30,3.1959500000000003,2.4162045454545455,,3.5332,2.8834,2.8834,2.8617,2.0,7.4
2012-12-31,3.2911761904761905,2.3693714285714287,,3.5738,2.905,2.905,2.7821,2.5,7.4
2013-01-31,3.0804,2.11565,,3.6054,2.8047,2.8047,2.7132,2.0,7.9
2013-02-28,3.396035294117647,2.7321117647058824,,3.5957,2.7612,2.7612,2.6874,3.2,7.9
2013-03-31,3.1567857142857143,2.3276238095238093,,3.5392,2.679,2.679,2.6658,2.1,7.9
2013-04-30,3.370619047619048,2.4891238095238095,,3.4314,2.7842,2.7842,2.6307,2.4,7.7
2013-05-31,3.5414454545454546,2.9211227272727274,,3.4399,2.8682,2.8682,2.7771,2.0981,7.7
2013-06-30,6.7978421052631575,6.685789473684211,,3.5125,3.4812,3.4812,4.0691,2.7,7.7
2013-07-31,4.108217391304348,3.3700434782608695,,3.7214,3.4908,3.4908,3.4406,2.7,7.5
2013-08-31,4.0486818181818185,3.219377272727273,,4.0354,3.6186,3.6186,3.6066,2.6,7.5
2013-09-30,3.7463333333333333,3.1706190476190477,,3.9954,3.5451,3.5451,3.5338,3.1,7.5
2013-10-31,4.254,3.584736842105263,5.72,4.1806,3.9752,3.9752,3.8256,3.2,7.8
2013-11-30,4.447785714285715,3.8866714285714283,5.73,4.3612,3.9787,3.9787,4.2787,3.0,7.8
2013-12-31,5.213954545454545,3.683390909090909,5.73,4.5518,4.2189,4.2189,4.6113,2.49871692,7.8
2014-01-31,4.685331818181818,3.4445954545454542,5.73,4.5019,3.6094,3.6094,3.6419,2.5,7.7
2014-02-28,4.183764705882353,2.8545470588235293,5.76,4.4276,3.2775,3.2775,3.1218,2.0,7.7
2014-03-31,3.1981904761904767,2.2760238095238097,5.76,4.5004,3.0901,3.0901,2.9172,2.4,7.7
2014-04-30,3.500038095238095,2.4776761904761906,5.77,4.3002,3.5774,3.5774,3.0979,1.80138144,7.4
2014-05-31,3.2386666666666666,2.411195238095238,5.77,4.0714,3.3589,3.3589,2.919,2.5,7.4
2014-06-30,3.26785,2.69834,5.76,4.0612,3.3814,3.3814,3.1555,2.3,7.4
2014-07-31,3.795804347826087,3.2097913043478257,5.76,4.2655,3.738,3.738,3.5832,2.3,7.5
2014-08-31,3.4553809523809527,2.937190476190476,5.76,4.2361,3.8103,3.8103,3.5117,2.0,7.5
2014-09-30,3.2244999999999995,2.776840909090909,5.76,3.9824,3.7401,3.7401,3.6612,1.6,7.5
2014-10-31,3.009878947368421,2.4975894736842106,5.76,3.7559,3.3555,3.3555,3.3819,1.60114868,7.3
2014-11-30,3.1555150000000003,2.5376000000000003,5.51,3.5249,3.0347,3.0347,3.1082,1.4,7.3
2014-12-31,4.13495652173913,3.0243913043478257,5.51,3.6219,3.2586,3.2586,3.3322,1.5,7.3
2015-01-31,3.9631904761904764,2.8196666666666665,5.51,3.5019,3.0963,3.0963,3.1847,0.8,7.3
2015-02-28,4.548841176470588,3.083847058823529,5.51,3.3602,3.0396,3.0396,3.0991,1.4,7.3
2015-03-31,4.452777272727273,3.336518181818182,5.3,3.6483,3.2236,3.2236,3.2673,1.4,7.3
2015-04-30,2.8865714285714286,2.283190476190476,5.3,3.3503,2.694,2.694,2.7044,1.5,7.0
2015-05-31,2.09699,1.2084,5.05,3.5954,1.9387,1.9387,2.0038,1.2,7.0
2015-06-30,2.3287619047619046,1.1629999999999998,4.8,3.5976,1.7378,1.7378,1.9197,1.4,7.0
2015-07-31,2.558826086956522,1.2767739130434783,4.8,3.4752,2.253,2.253,2.212,1.6,7.0
2015-08-31,2.4906190476190475,1.684761904761905,4.55,3.3252,2.2519,2.2519,2.2608,2.0,7.0
2015-09-30,2.408857142857143,1.9088142857142856,4.55,3.2362,2.3919,2.3919,2.2139,1.59560463,7.0
2015-10-31,2.3706666666666667,1.8764444444444441,4.3,3.06,2.3513,2.3513,2.3564,1.3,6.9
2015-11-30,2.284809523809524,1.7857142857142858,4.3,3.0404,2.5754,2.5754,2.5701,1.5,6.9
2015-12-31,2.3177391304347825,1.8407826086956522,4.3,2.8212,2.2979,2.2979,2.2507,1.6,6.9
2016-01-31,2.3337,1.9787500000000002,4.3,2.8419,2.3214,2.3214,2.2276,1.8,6.8
2016-02-29,2.347277777777778,1.9927777777777775,4.3,2.8502,2.2576,2.2576,2.1012,2.3,6.8
2016-03-31,2.2962608695652174,1.9737391304347827,4.3,2.8419,2.0861,2.0861,2.0187,2.3,6.8
2016-04-30,2.31815,2.008915,4.3,2.8913,2.307,2.307,2.194,2.3,6.7
2016-05-31,2.3296190476190475,2.0033,4.3,2.9851,2.3201,2.3201,2.1896,2.0,6.7
2016-06-30,2.3527142857142858,2.013809523809524,4.3,2.8411,2.3901,2.3901,2.1978,1.9,6.7
2016-07-31,2.330142857142857,2.00947619047619,4.3,2.7768,2.2394,2.2394,2.1463,1.8,6.7
2016-08-31,2.342991304347826,2.0252,4.3,2.7425,2.116,2.116,2.0054,1.3,6.7
2016-09-30,2.404380952380952,2.134957142857143,4.3,2.7258,2.1584,2.1584,2.0482,1.9,6.7
2016-10-31,2.400611111111111,2.1985,4.3,2.7425,2.1712,2.1712,2.0229,2.1,6.7
2016-11-30,2.4295454545454547,2.2512363636363637,4.3,2.9502,2.301,2.301,2.2976,2.3,6.7
2016-12-31,2.5180954545454544,2.3002863636363635,4.3,3.0115,2.6503,2.6503,2.6474,2.1,6.7
2017-01-31,2.5182473684210525,2.200663157894737,4.3,3.3465,2.6757,2.6757,2.4821,2.5,6.8
2017-02-28,2.661942105263158,2.349463157894737,4.3,3.292,2.7121,2.7121,2.5965,0.8,6.8
2017-03-31,2.727095652173913,2.489204347826087,4.3,3.2828,2.8632,2.8632,2.8815,0.9,6.8
2017-04-30,2.7481,2.560742105263158,4.3,3.4668,3.1672,3.1672,2.9392,1.2,6.9
2017-05-31,2.8867809523809522,2.7390285714285714,4.3,3.6102,3.4542,3.4542,3.2054,1.5,6.9
2017-06-30,2.8979454545454546,2.777418181818182,4.3,3.5683,3.46,3.46,3.1397,1.5,6.9
2017-07-31,2.8298095238095238,2.6796285714285712,4.3,3.626,3.3974,3.3974,2.9485,1.4,6.9
2017-08-31,2.8894652173913045,2.821026086956522,4.3,3.6265,3.3883,3.3883,3.0032,1.8,6.9
2017-09-30,2.8645954545454546,2.7509727272727273,4.3,3.6136,3.466,3.466,3.161,1.6,6.9
2017-10-31,2.8706705882352943,2.660194117647059,4.3,3.8917,3.5683,3.5683,3.4831,1.9,6.8
2017-11-30,2.8570045454545454,2.727918181818182,4.3,3.8901,3.6404,3.6404,3.8997,1.7,6.8
2017-12-31,2.8568571428571428,2.6725238095238093,4.3,3.8807,3.7909,3.7909,3.8294,1.8,6.8
2018-01-31,2.8297090909090907,2.646590909090909,4.3,3.914,3.4701,3.4701,3.3266,1.5,6.8
2018-02-28,2.863405882352941,2.586188235294118,4.3,3.8202,3.2314,3.2314,3.2024,2.9,6.8
2018-03-31,2.8733,2.605159090909091,4.3,3.7407,3.3221,3.3221,2.9613,2.1,6.8
2018-04-30,2.86415,2.64845,4.31,3.6217,2.9965,2.9965,2.6691,1.8,6.8
2018-05-31,2.791409090909091,2.611136363636364,4.31,3.6129,3.1488,3.1488,2.89,1.8,6.8
2018-06-30,2.81585,2.57125,4.31,3.4756,3.159,3.159,3.0122,1.9,6.8
2018-07-31,2.6690454545454547,2.3307727272727274,4.31,3.4812,2.841,2.841,2.3032,2.1,6.7
2018-08-31,2.5770434782608693,2.196173913043478,4.31,3.5751,2.8451,2.8451,2.1205,2.3,6.7
2018-09-30,2.673142857142857,2.4715238095238097,4.31,3.6103,2.9657,2.9657,2.2235,2.5,6.7
2018-10-31,2.625222222222222,2.311055555555556,4.31,3.5086,2.8054,2.8054,2.3212,2.5,6.5
2018-11-30,2.6365454545454545,2.39405,4.31,3.355,2.4826,2.4826,2.3685,2.2,6.5
2018-12-31,2.663047619047619,2.369809523809524,4.31,3.2265,2.6,2.6,2.6153,1.9,6.5
2019-01-31,2.604681818181818,2.0239363636363636,4.31,3.1037,2.3873,2.3873,2.2051,1.7,6.4
2019-02-28,2.5035294117647062,2.149435294117647,4.31,3.1731,2.4053,2.4053,2.1346,1.5,6.4
2019-03-31,2.6067619047619046,2.3474285714285714,4.31,3.0683,2.4377,2.4377,2.1427,2.3,6.4
2019-04-30,2.6475,2.3484545454545454,4.31,3.3869,2.6902,2.6902,2.2545,2.5,6.4
2019-05-31,2.611452380952381,2.1848190476190474,4.31,3.2751,2.679,2.679,2.3996,2.7,6.4
2019-06-30,2.498105263157895,1.5211578947368423,4.31,3.2254,2.6429,2.6429,2.187,2.7,6.4
2019-07-31,2.534391304347826,2.110491304347826,4.31,3.1552,2.6183,2.6183,2.31,2.8,6.2
2019-08-31,2.6454636363636364,2.577009090909091,4.25,3.0573,2.618,2.618,2.448,2.8,6.2
2019-09-30,2.6564761904761904,2.364095238095238,4.2,3.1411,2.5628,2.5628,2.2846,3.0,6.2
2019-10-31,2.6654736842105264,2.471157894736842,4.2,3.288,2.6648,2.6648,2.4819,3.8,6.0
2019-11-30,2.5922380952380952,2.199857142857143,4.15,3.165,2.6431,2.6431,2.4335,4.5,6.0
2019-12-31,2.5137045454545457,1.8570681818181818,4.15,3.1365,2.3631,2.3631,2.0074,4.5,6.0
2020-01-31,2.5120588235294115,1.9249882352941177,4.15,2.9932,2.181,2.181,2.035,5.4,6.0
2020-02-29,2.2949,1.63965,4.05,2.7376,1.9291,1.9291,1.7865,5.2,6.0
2020-03-31,2.0136818181818184,1.3076818181818182,4.05,2.5899,1.687,1.687,1.4062,4.3,6.0
2020-04-30,1.7410909090909092,1.009590909090909,3.85,2.538,1.1465,1.1465,0.8923,3.3,-6.8
2020-05-31,1.7213684210526317,1.251,3.85,2.7053,1.601,1.601,1.4627,2.4,-6.8
2020-06-30,2.029095238095238,1.7358095238095237,3.85,2.823,2.1764,2.1764,1.7385,2.5,-6.8
2020-07-31,2.1354347826086957,1.8229565217391304,3.85,2.9664,2.2428,2.2428,1.9799,2.7,3.2
2020-08-31,2.1979523809523807,1.9566428571428571,3.85,3.0177,2.5123,2.5123,2.2335,2.4,3.2
2020-09-30,2.197608695652174,1.679391304347826,3.85,3.1482,2.6462,2.6462,2.3213,1.7,3.2
2020-10-31,2.2176470588235295,2.0380588235294117,3.85,3.181,2.7273,2.7273,2.662,0.5,4.9
2020-11-30,2.2627619047619048,1.8490952380952383,3.85,3.25,2.831,2.831,2.8599,-0.5,4.9
2020-12-31,2.0855217391304346,1.059,3.85,3.1429,2.4739,2.4739,2.2824,0.2,4.9
2021-01-31,2.2829,1.8885999999999998,3.85,3.1786,2.6799,2.6799,2.5931,-0.3,6.5
2021-02-28,2.2840588235294117,1.9184705882352944,3.85,3.2798,2.6036,2.6036,1.9879,-0.2,6.5
2021-03-31,2.142086956521739,1.915086956521739,3.85,3.1887,2.577,2.577,2.0245,0.4,6.5
2021-04-30,2.140181818181818,1.9022272727272727,3.85,3.164,2.3591,2.3591,1.9251,0.9,18.3
2021-05-31,2.1452105263157897,1.9961052631578948,3.85,3.045,2.4113,2.4113,1.8864,1.3,18.3
2021-06-30,2.2384761904761907,2.0244285714285715,3.85,3.0778,2.4293,2.4293,1.8831,1.1,18.3
2021-07-31,2.177409090909091,2.0053636363636365,3.85,2.8363,2.1346,2.1346,1.7614,1.0,7.9
2021-08-31,2.1667272727272726,2.010590909090909,3.85,2.845,2.3105,2.3105,2.0703,0.8,7.9
2021-09-30,2.197818181818182,2.039090909090909,3.85,2.8776,2.3327,2.3327,1.9562,0.7,7.9
2021-10-31,2.1838823529411764,1.9574117647058822,3.85,2.9732,2.31,2.31,2.2516,1.5,4.9
2021-11-30,2.169318181818182,1.945681818181818,3.85,2.825,2.2463,2.2463,2.2822,2.3,4.9
2021-12-31,2.1628695652173913,1.892,3.8,2.7754,2.2429,2.2429,2.0006,1.5,4.9
2022-01-31,2.1408571428571426,1.8815714285714285,3.7,2.6997,1.9514,1.9514,1.7756,0.9,4.0
2022-02-28,2.101875,1.9929999999999999,3.7,2.775,2.0442,2.0442,1.9,0.9,4.0
2022-03-31,2.098478260869565,1.9518260869565218,3.7,2.7878,2.1299,2.1299,1.9112,1.5,4.0
2022-04-30,1.882047619047619,1.4962857142857142,3.7,2.8386,2.032,2.032,1.8476,2.1,4.8
2022-05-31,1.7302499999999998,1.3708500000000001,3.7,2.7426,1.916,1.916,1.5996,2.1,4.8
2022-06-30,1.7859523809523812,1.4446666666666668,3.7,2.8205,1.9504,1.9504,1.6006,2.5,4.8
2022-07-31,1.642809523809524,1.2132857142857143,3.7,2.756,1.8623,1.8623,1.4988,2.7,0.4
2022-08-31,1.4928652173913044,1.1171869565217392,3.65,2.6225,1.7378,1.7378,1.4704,2.5,0.4
2022-09-30,1.635952380952381,1.3073333333333335,3.65,2.7601,1.8535,1.8535,1.6026,2.8,0.4
2022-10-31,1.7054999999999998,1.3419999999999999,3.65,2.6433,1.7305,1.7305,1.6249,2.1,3.9
2022-11-30,1.8142272727272726,1.4638636363636364,3.65,2.885,2.1341,2.1341,2.0811,1.6,3.9
2022-12-31,1.7887727272727274,1.0297272727272728,3.65,2.8353,2.0969,2.0969,2.0519,1.8,3.9
2023-01-31,1.9251666666666667,1.3548333333333333,3.65,2.8977,2.1535,2.1535,1.7856,2.1,2.9
2023-02-28,2.0926,1.8760999999999999,3.65,2.9017,2.3291,2.3291,2.0605,1.0,2.9
2023-03-31,2.028608695652174,1.6533478260869565,3.65,2.8528,2.2328,2.2328,1.9006,0.7,2.9
2023-04-30,2.0542,1.6009,3.65,2.7788,2.1464,2.1464,1.9541,0.1,4.5
2023-05-31,1.8667619047619046,1.368809523809524,3.65,2.685,1.9829,1.9829,1.7101,0.2,4.5
2023-06-30,1.885952380952381,1.4567619047619047,3.55,2.6351,1.8723,1.8723,1.6535,0.0,4.5
2023-07-31,1.8159523809523808,1.3649047619047618,3.55,2.6597,1.8102,1.8102,1.601,-0.3,6.3
2023-08-31,1.857,1.643,3.45,2.5575,1.9051,1.9051,1.7009,0.1,6.3
2023-09-30,1.90595,1.7654,3.45,2.6751,2.1677,2.1677,2.0009,0.0,6.3
2023-10-31,1.9227894736842106,1.783578947368421,3.45,2.6938,2.2051,2.2051,2.2929,-0.2,4.9
2023-11-30,1.935281818181818,1.7692818181818182,3.45,2.668,2.3367,2.3367,2.3874,-0.5,4.9
2023-12-31,1.8071904761904762,1.6249047619047619,3.45,2.5553,2.0796,2.0796,1.8017,-0.3,4.9
2024-01-31,1.8386363636363638,1.6903636363636365,3.45,2.433,1.8802,1.8802,1.791,-0.8,5.2
2024-02-29,1.8521555555555556,1.7076444444444445,3.45,2.3375,1.7871,1.7871,1.6454,0.7,5.2
2024-03-31,1.8721904761904764,1.7401428571428572,3.45,2.2901,1.7225,1.7225,1.6414,0.1,5.2
2024-04-30,1.8622727272727273,1.7621818181818183,3.45,2.3028,1.6928,1.6928,1.5342,0.3,5.3
2024-05-31,1.844904761904762,1.7633333333333334,3.45,2.2926,1.6444,1.6444,1.5428,0.3,5.3
2024-06-30,1.8840526315789472,1.8015263157894736,3.45,2.2058,1.539,1.539,1.4411,0.2,5.3
2024-07-31,1.820217391304348,1.7409130434782607,3.35,2.1494,1.4201,1.4201,1.4032,0.5,4.7
2024-08-31,1.7744090909090908,1.698818181818182,3.35,2.1704,1.49,1.49,1.4709,0.6,4.7
2024-09-30,1.7771428571428571,1.678190476190476,3.35,2.1518,1.3679,1.3679,1.3986,0.4,4.7
2024-10-31,1.6223684210526315,1.455,3.1,2.1476,1.426,1.426,1.4066,0.3,4.6
2024-11-30,1.6400476190476192,1.4176666666666666,3.1,2.0206,1.3698,1.3698,1.37,0.2,4.6
2024-12-31,1.6854545454545453,1.4178181818181819,3.1,1.6752,1.0843,1.0843,0.9091,0.1,4.6
2025-01-31,1.8530526315789473,1.705578947368421,3.1,1.6299,1.3036,1.3036,1.3775,0.5,5.4
2025-02-28,1.9405263157894737,1.8633684210526318,3.1,1.7152,1.4597,1.4597,1.6096,-0.7,5.4
2025-03-31,1.8162857142857145,1.7715238095238095,3.1,1.8129,1.5379,1.5379,1.52,-0.1,5.4
2025-04-30,1.694590909090909,1.6714545454545453,3.1,1.6243,1.4599,1.4599,1.4659,-0.1,5.4
2025-05-31,1.5645263157894735,1.501157894736842,3.0,1.6712,1.4552,1.4552,1.4462,-0.1,5.4
2025-06-30,1.5545,1.38225,3.0,1.6469,1.3402,1.3402,1.3222,0.1,5.4
2025-07-31,1.5000434782608694,1.392782608695652,3.0,1.7044,1.3807,1.3807,1.3274,0.0,5.2
2025-08-31,1.4659809523809524,1.3542571428571428,3.0,1.8379,1.3698,1.3698,1.3513,-0.4,5.2
2025-09-30,1.4762608695652175,1.3864347826086958,3.0,1.8605,1.3653,1.3653,1.3385,-0.3,5.2
2025-10-31,1.448388888888889,1.3381666666666667,3.0,1.7954,1.3826,1.3826,1.2885,0.2,5.2
2025-11-30,1.45395,1.3683,3.0,1.8412,1.4017,1.4017,1.3987,0.7,5.2
2025-12-31,1.4622217391304346,1.2827086956521738,3.0,1.8473,1.3372,1.3372,1.2657,0.8,5.2
2026-01-31,1.4932857142857143,1.3364285714285715,3.0,1.8112,1.2999,1.2999,1.3546,0.2,5.2
2026-02-28,1.47851875,1.3332875,3.0,1.7753,1.3168,1.3168,1.2765,1.3,5.2
2026-03-31,1.4327772727272727,1.312909090909091,3.0,1.8171,1.2212,1.2212,1.1401,1.0,5.2
2026-04-30,1.3486666666666667,1.2348571428571429,3.0,1.7473,1.162,1.162,1.081,1.2,5.2
2026-05-31,1.3446842105263157,1.2806842105263156,3.0,1.709,1.1578,1.1578,1.0605,1.2,5.2
2026-06-30,1.4238125,1.3788125,3.0,1.7437,1.1667,1.1667,1.0916,,5.2
