date,1y,5y
20131231,5.73,
20131230,5.73,
20131227,5.73,
20131226,5.73,
20131225,5.73,
20131224,5.73,
20131223,5.73,
20131220,5.73,
20131219,5.73,
20131218,5.73,
20131217,5.73,
20131216,5.73,
20131213,5.73,
20131212,5.73,
20131211,5.73,
20131210,5.73,
20131209,5.73,
20131206,5.73,
20131205,5.73,
20131204,5.73,
20131203,5.73,
20131202,5.73,
20131129,5.73,
20131128,5.73,
20131127,5.73,
20131126,5.73,
20131125,5.73,
20131122,5.73,
20131121,5.73,
20131120,5.73,
20131119,5.73,
20131118,5.72,
20131115,5.72,
20131114,5.72,
20131113,5.72,
20131112,5.72,
20131111,5.72,
20131108,5.72,
20131107,5.72,
20131106,5.72,
20131105,5.72,
20131104,5.72,
20131101,5.72,
20131031,5.72,
20131030,5.72,
20131029,5.72,
20131028,5.72,
20131025,5.71,
20141231,5.51,
20141230,5.51,
20141229,5.51,
20141226,5.51,
20141225,5.51,
20141224,5.51,
20141223,5.51,
20141222,5.51,
20141219,5.51,
20141218,5.51,
20141217,5.51,
20141216,5.51,
20141215,5.51,
20141212,5.51,
20141211,5.51,
20141210,5.51,
20141209,5.51,
20141208,5.51,
20141205,5.51,
20141204,5.51,
20141203,5.51,
20141202,5.51,
20141201,5.51,
20141128,5.51,
20141127,5.52,
20141126,5.56,
20141125,5.56,
20141124,5.56,
20141121,5.76,
20141120,5.76,
20141119,5.76,
20141118,5.76,
20141117,5.76,
20141114,5.76,
20141113,5.76,
20141112,5.76,
20141111,5.76,
20141110,5.76,
20141107,5.76,
20141106,5.76,
20141105,5.76,
20141104,5.76,
20141103,5.76,
20141031,5.76,
20141030,5.76,
20141029,5.76,
20141028,5.76,
20141027,5.76,
20141024,5.76,
20141023,5.76,
20141022,5.76,
20141021,5.76,
20141020,5.76,
20141017,5.76,
20141016,5.76,
20141015,5.76,
20141014,5.76,
20141013,5.76,
20141011,5.76,
20141010,5.76,
20141009,5.76,
20141008,5.76,
20140930,5.76,
20140929,5.76,
20140928,5.76,
20140926,5.76,
20140925,5.76,
20140924,5.76,
20140923,5.76,
20140922,5.76,
20140919,5.76,
20140918,5.76,
20140917,5.76,
20140916,5.76,
20140915,5.76,
20140912,5.76,
20140911,5.76,
20140910,5.76,
20140909,5.76,
20140905,5.76,
20140904,5.76,
20140903,5.76,
20140902,5.76,
20140901,5.76,
20140829,5.76,
20140828,5.76,
20140827,5.76,
20140826,5.76,
20140825,5.76,
20140822,5.76,
20140821,5.76,
20140820,5.76,
20140819,5.76,
20140818,5.76,
20140815,5.76,
20140814,5.76,
20140813,5.76,
20140812,5.76,
20140811,5.76,
20140808,5.76,
20140807,5.76,
20140806,5.76,
20140805,5.76,
20140804,5.76,
20140801,5.76,
20140731,5.76,
20140730,5.76,
20140729,5.76,
20140728,5.76,
20140725,5.76,
20140724,5.76,
20140723,5.76,
20140722,5.76,
20140721,5.76,
20140718,5.76,
20140717,5.76,
20140716,5.76,
20140715,5.76,
20140714,5.76,
20140711,5.76,
20140710,5.76,
20140709,5.76,
20140708,5.76,
20140707,5.76,
20140704,5.76,
20140703,5.76,
20140702,5.76,
20140701,5.76,
20140630,5.76,
20140627,5.76,
20140626,5.76,
20140625,5.76,
20140624,5.76,
20140623,5.76,
20140620,5.76,
20140619,5.76,
20140618,5.76,
20140617,5.76,
20140616,5.77,
20140613,5.77,
20140612,5.77,
20140611,5.77,
20140610,5.77,
20140609,5.77,
20140606,5.77,
20140605,5.77,
20140604,5.77,
20140603,5.77,
20140530,5.77,
20140529,5.77,
20140528,5.77,
20140527,5.77,
20140526,5.77,
20140523,5.77,
20140522,5.77,
20140521,5.77,
20140520,5.77,
20140519,5.77,
20140516,5.77,
20140515,5.77,
20140514,5.77,
20140513,5.77,
20140512,5.77,
20140509,5.77,
20140508,5.77,
20140507,5.77,
20140506,5.77,
20140505,5.77,
20140504,5.77,
20140430,5.77,
20140429,5.77,
20140428,5.77,
20140425,5.77,
20140424,5.77,
20140423,5.77,
20140422,5.77,
20140421,5.77,
20140418,5.77,
20140417,5.77,
20140416,5.77,
20140415,5.77,
20140414,5.77,
20140411,5.77,
20140410,5.77,
20140409,5.77,
20140408,5.77,
20140404,5.77,
20140403,5.77,
20140402,5.77,
20140401,5.77,
20140331,5.76,
20140328,5.76,
20140327,5.76,
20140326,5.76,
20140325,5.76,
20140324,5.76,
20140321,5.76,
20140320,5.76,
20140319,5.76,
20140318,5.76,
20140317,5.76,
20140314,5.76,
20140313,5.76,
20140312,5.76,
20140311,5.76,
20140310,5.76,
20140307,5.76,
20140306,5.76,
20140305,5.76,
20140304,5.76,
20140303,5.76,
20140228,5.76,
20140227,5.76,
20140226,5.76,
20140225,5.76,
20140224,5.76,
20140221,5.76,
20140220,5.76,
20140219,5.76,
20140218,5.76,
20140217,5.76,
20140214,5.76,
20140213,5.74,
20140212,5.73,
20140211,5.73,
20140210,5.73,
20140208,5.73,
20140207,5.73,
20140130,5.73,
20140129,5.73,
20140128,5.73,
20140127,5.73,
20140126,5.73,
20140124,5.73,
20140123,5.73,
20140122,5.73,
20140121,5.73,
20140120,5.73,
20140117,5.73,
20140116,5.73,
20140115,5.73,
20140114,5.73,
20140113,5.73,
20140110,5.73,
20140109,5.73,
20140108,5.73,
20140107,5.73,
20140106,5.73,
20140103,5.73,
20140102,5.73,
20151231,4.3,
20151230,4.3,
20151229,4.3,
20151228,4.3,
20151225,4.3,
20151224,4.3,
20151223,4.3,
20151222,4.3,
20151221,4.3,
20151218,4.3,
20151217,4.3,
20151216,4.3,
20151215,4.3,
20151214,4.3,
20151211,4.3,
20151210,4.3,
20151209,4.3,
20151208,4.3,
20151207,4.3,
20151204,4.3,
20151203,4.3,
20151202,4.3,
20151201,4.3,
20151130,4.3,
20151127,4.3,
20151126,4.3,
20151125,4.3,
20151124,4.3,
20151123,4.3,
20151120,4.3,
20151119,4.3,
20151118,4.3,
20151117,4.3,
20151116,4.3,
20151113,4.3,
20151112,4.3,
20151111,4.3,
20151110,4.3,
20151109,4.3,
20151106,4.3,
20151105,4.3,
20151104,4.3,
20151103,4.3,
20151102,4.3,
20151030,4.3,
20151029,4.3,
20151028,4.3,
20151027,4.3,
20151026,4.3,
20151023,4.55,
20151022,4.55,
20151021,4.55,
20151020,4.55,
20151019,4.55,
20151016,4.55,
20151015,4.55,
20151014,4.55,
20151013,4.55,
20151012,4.55,
20151010,4.55,
20151009,4.55,
20151008,4.55,
20150930,4.55,
20150929,4.55,
20150928,4.55,
20150925,4.55,
20150924,4.55,
20150923,4.55,
20150922,4.55,
20150921,4.55,
20150918,4.55,
20150917,4.55,
20150916,4.55,
20150915,4.55,
20150914,4.55,
20150911,4.55,
20150910,4.55,
20150909,4.55,
20150908,4.55,
20150907,4.55,
20150906,4.55,
20150902,4.55,
20150901,4.55,
20150831,4.55,
20150828,4.55,
20150827,4.55,
20150826,4.55,
20150825,4.8,
20150824,4.8,
20150821,4.8,
20150820,4.8,
20150819,4.8,
20150818,4.8,
20150817,4.8,
20150814,4.8,
20150813,4.8,
20150812,4.8,
20150811,4.8,
20150810,4.8,
20150807,4.8,
20150806,4.8,
20150805,4.8,
20150804,4.8,
20150803,4.8,
20150731,4.8,
20150730,4.8,
20150729,4.8,
20150728,4.8,
20150727,4.8,
20150724,4.8,
20150723,4.8,
20150722,4.8,
20150721,4.8,
20150720,4.8,
20150717,4.8,
20150716,4.8,
20150715,4.8,
20150714,4.8,
20150713,4.8,
20150710,4.8,
20150709,4.8,
20150708,4.8,
20150707,4.8,
20150706,4.8,
20150703,4.8,
20150702,4.8,
20150701,4.8,
20150630,4.8,
20150629,4.8,
20150626,5.05,
20150625,5.05,
20150624,5.05,
20150623,5.05,
20150619,5.05,
20150618,5.05,
20150617,5.05,
20150616,5.05,
20150615,5.05,
20150612,5.05,
20150611,5.05,
20150610,5.05,
20150609,5.05,
20150608,5.05,
20150605,5.05,
20150604,5.05,
20150603,5.05,
20150602,5.05,
20150601,5.05,
20150529,5.05,
20150528,5.05,
20150527,5.05,
20150526,5.05,
20150525,5.05,
20150522,5.05,
20150521,5.05,
20150520,5.05,
20150519,5.05,
20150518,5.05,
20150515,5.05,
20150514,5.05,
20150513,5.05,
20150512,5.05,
20150511,5.05,
20150508,5.3,
20150507,5.3,
20150506,5.3,
20150505,5.3,
20150504,5.3,
20150430,5.3,
20150429,5.3,
20150428,5.3,
20150427,5.3,
20150424,5.3,
20150423,5.3,
20150422,5.3,
20150421,5.3,
20150420,5.3,
20150417,5.3,
20150416,5.3,
20150415,5.3,
20150414,5.3,
20150413,5.3,
20150410,5.3,
20150409,5.3,
20150408,5.3,
20150407,5.3,
20150403,5.3,
20150402,5.3,
20150401,5.3,
20150331,5.3,
20150330,5.3,
20150327,5.3,
20150326,5.3,
20150325,5.3,
20150324,5.3,
20150323,5.3,
20150320,5.3,
20150319,5.3,
20150318,5.3,
20150317,5.3,
20150316,5.3,
20150313,5.3,
20150312,5.3,
20150311,5.3,
20150310,5.3,
20150309,5.3,
20150306,5.3,
20150305,5.3,
20150304,5.3,
20150303,5.3,
20150302,5.3,
20150228,5.51,
20150227,5.51,
20150226,5.51,
20150225,5.51,
20150217,5.51,
20150216,5.51,
20150215,5.51,
20150213,5.51,
20150212,5.51,
20150211,5.51,
20150210,5.51,
20150209,5.51,
20150206,5.51,
20150205,5.51,
20150204,5.51,
20150203,5.51,
20150202,5.51,
20150130,5.51,
20150129,5.51,
20150128,5.51,
20150127,5.51,
20150126,5.51,
20150123,5.51,
20150122,5.51,
20150121,5.51,
20150120,5.51,
20150119,5.51,
20150116,5.51,
20150115,5.51,
20150114,5.51,
20150113,5.51,
20150112,5.51,
20150109,5.51,
20150108,5.51,
20150107,5.51,
20150106,5.51,
20150105,5.51,
20150104,5.51,
20161230,4.3,
20161229,4.3,
20161228,4.3,
20161227,4.3,
20161226,4.3,
20161223,4.3,
20161222,4.3,
20161221,4.3,
20161220,4.3,
20161219,4.3,
20161216,4.3,
20161215,4.3,
20161214,4.3,
20161213,4.3,
20161212,4.3,
20161209,4.3,
20161208,4.3,
20161207,4.3,
20161206,4.3,
20161205,4.3,
20161202,4.3,
20161201,4.3,
20161130,4.3,
20161129,4.3,
20161128,4.3,
20161125,4.3,
20161124,4.3,
20161123,4.3,
20161122,4.3,
20161121,4.3,
20161118,4.3,
20161117,4.3,
20161116,4.3,
20161115,4.3,
20161114,4.3,
20161111,4.3,
20161110,4.3,
20161109,4.3,
20161108,4.3,
20161107,4.3,
20161104,4.3,
20161103,4.3,
20161102,4.3,
20161101,4.3,
20161031,4.3,
20161028,4.3,
20161027,4.3,
20161026,4.3,
20161025,4.3,
20161024,4.3,
20161021,4.3,
20161020,4.3,
20161019,4.3,
20161018,4.3,
20161017,4.3,
20161014,4.3,
20161013,4.3,
20161012,4.3,
20161011,4.3,
20161010,4.3,
20161009,4.3,
20161008,4.3,
20160930,4.3,
20160929,4.3,
20160928,4.3,
20160927,4.3,
20160926,4.3,
20160923,4.3,
20160922,4.3,
20160921,4.3,
20160920,4.3,
20160919,4.3,
20160918,4.3,
20160914,4.3,
20160913,4.3,
20160912,4.3,
20160909,4.3,
20160908,4.3,
20160907,4.3,
20160906,4.3,
20160905,4.3,
20160902,4.3,
20160901,4.3,
20160831,4.3,
20160830,4.3,
20160829,4.3,
20160826,4.3,
20160825,4.3,
20160824,4.3,
20160823,4.3,
20160822,4.3,
20160819,4.3,
20160818,4.3,
20160817,4.3,
20160816,4.3,
20160815,4.3,
20160812,4.3,
20160811,4.3,
20160810,4.3,
20160809,4.3,
20160808,4.3,
20160805,4.3,
20160804,4.3,
20160803,4.3,
20160802,4.3,
20160801,4.3,
20160729,4.3,
20160728,4.3,
20160727,4.3,
20160726,4.3,
20160725,4.3,
20160722,4.3,
20160721,4.3,
20160720,4.3,
20160719,4.3,
20160718,4.3,
20160715,4.3,
20160714,4.3,
20160713,4.3,
20160712,4.3,
20160711,4.3,
20160708,4.3,
20160707,4.3,
20160706,4.3,
20160705,4.3,
20160704,4.3,
20160701,4.3,
20160630,4.3,
20160629,4.3,
20160628,4.3,
20160627,4.3,
20160624,4.3,
20160623,4.3,
20160622,4.3,
20160621,4.3,
20160620,4.3,
20160617,4.3,
20160616,4.3,
20160615,4.3,
20160614,4.3,
20160613,4.3,
20160612,4.3,
20160608,4.3,
20160607,4.3,
20160606,4.3,
20160603,4.3,
20160602,4.3,
20160601,4.3,
20160531,4.3,
20160530,4.3,
20160527,4.3,
20160526,4.3,
20160525,4.3,
20160524,4.3,
20160523,4.3,
20160520,4.3,
20160519,4.3,
20160518,4.3,
20160517,4.3,
20160516,4.3,
20160513,4.3,
20160512,4.3,
20160511,4.3,
20160510,4.3,
20160509,4.3,
20160506,4.3,
20160505,4.3,
20160504,4.3,
20160503,4.3,
20160429,4.3,
20160428,4.3,
20160427,4.3,
20160426,4.3,
20160425,4.3,
20160422,4.3,
20160421,4.3,
20160420,4.3,
20160419,4.3,
20160418,4.3,
20160415,4.3,
20160414,4.3,
20160413,4.3,
20160412,4.3,
20160411,4.3,
20160408,4.3,
20160407,4.3,
20160406,4.3,
20160405,4.3,
20160401,4.3,
20160331,4.3,
20160330,4.3,
20160329,4.3,
20160328,4.3,
20160325,4.3,
20160324,4.3,
20160323,4.3,
20160322,4.3,
20160321,4.3,
20160318,4.3,
20160317,4.3,
20160316,4.3,
20160315,4.3,
20160314,4.3,
20160311,4.3,
20160310,4.3,
20160309,4.3,
20160308,4.3,
20160307,4.3,
20160304,4.3,
20160303,4.3,
20160302,4.3,
20160301,4.3,
20160229,4.3,
20160226,4.3,
20160225,4.3,
20160224,4.3,
20160223,4.3,
20160222,4.3,
20160219,4.3,
20160218,4.3,
20160217,4.3,
20160216,4.3,
20160215,4.3,
20160214,4.3,
20160206,4.3,
20160205,4.3,
20160204,4.3,
20160203,4.3,
20160202,4.3,
20160201,4.3,
20160129,4.3,
20160128,4.3,
20160127,4.3,
20160126,4.3,
20160125,4.3,
20160122,4.3,
20160121,4.3,
20160120,4.3,
20160119,4.3,
20160118,4.3,
20160115,4.3,
20160114,4.3,
20160113,4.3,
20160112,4.3,
20160111,4.3,
20160108,4.3,
20160107,4.3,
20160106,4.3,
20160105,4.3,
20160104,4.3,
20171229,4.3,
20171228,4.3,
20171227,4.3,
20171226,4.3,
20171225,4.3,
20171222,4.3,
20171221,4.3,
20171220,4.3,
20171219,4.3,
20171218,4.3,
20171215,4.3,
20171214,4.3,
20171213,4.3,
20171212,4.3,
20171211,4.3,
20171208,4.3,
20171207,4.3,
20171206,4.3,
20171205,4.3,
20171204,4.3,
20171201,4.3,
20171130,4.3,
20171129,4.3,
20171128,4.3,
20171127,4.3,
20171124,4.3,
20171123,4.3,
20171122,4.3,
20171121,4.3,
20171120,4.3,
20171117,4.3,
20171116,4.3,
20171115,4.3,
20171114,4.3,
20171113,4.3,
20171110,4.3,
20171109,4.3,
20171108,4.3,
20171107,4.3,
20171106,4.3,
20171103,4.3,
20171102,4.3,
20171101,4.3,
20171031,4.3,
20171030,4.3,
20171027,4.3,
20171026,4.3,
20171025,4.3,
20171024,4.3,
20171023,4.3,
20171020,4.3,
20171019,4.3,
20171018,4.3,
20171017,4.3,
20171016,4.3,
20171013,4.3,
20171012,4.3,
20171011,4.3,
20171010,4.3,
20171009,4.3,
20170930,4.3,
20170929,4.3,
20170928,4.3,
20170927,4.3,
20170926,4.3,
20170925,4.3,
20170922,4.3,
20170921,4.3,
20170920,4.3,
20170919,4.3,
20170918,4.3,
20170915,4.3,
20170914,4.3,
20170913,4.3,
20170912,4.3,
20170911,4.3,
20170908,4.3,
20170907,4.3,
20170906,4.3,
20170905,4.3,
20170904,4.3,
20170901,4.3,
20170831,4.3,
20170830,4.3,
20170829,4.3,
20170828,4.3,
20170825,4.3,
20170824,4.3,
20170823,4.3,
20170822,4.3,
20170821,4.3,
20170818,4.3,
20170817,4.3,
20170816,4.3,
20170815,4.3,
20170814,4.3,
20170811,4.3,
20170810,4.3,
20170809,4.3,
20170808,4.3,
20170807,4.3,
20170804,4.3,
20170803,4.3,
20170802,4.3,
20170801,4.3,
20170731,4.3,
20170728,4.3,
20170727,4.3,
20170726,4.3,
20170725,4.3,
20170724,4.3,
20170721,4.3,
20170720,4.3,
20170719,4.3,
20170718,4.3,
20170717,4.3,
20170714,4.3,
20170713,4.3,
20170712,4.3,
20170711,4.3,
20170710,4.3,
20170707,4.3,
20170706,4.3,
20170705,4.3,
20170704,4.3,
20170703,4.3,
20170630,4.3,
20170629,4.3,
20170628,4.3,
20170627,4.3,
20170626,4.3,
20170623,4.3,
20170622,4.3,
20170621,4.3,
20170620,4.3,
20170619,4.3,
20170616,4.3,
20170615,4.3,
20170614,4.3,
20170613,4.3,
20170612,4.3,
20170609,4.3,
20170608,4.3,
20170607,4.3,
20170606,4.3,
20170605,4.3,
20170602,4.3,
20170601,4.3,
20170531,4.3,
20170527,4.3,
20170526,4.3,
20170525,4.3,
20170524,4.3,
20170523,4.3,
20170522,4.3,
20170519,4.3,
20170518,4.3,
20170517,4.3,
20170516,4.3,
20170515,4.3,
20170512,4.3,
20170511,4.3,
20170510,4.3,
20170509,4.3,
20170508,4.3,
20170505,4.3,
20170504,4.3,
20170503,4.3,
20170502,4.3,
20170428,4.3,
20170427,4.3,
20170426,4.3,
20170425,4.3,
20170424,4.3,
20170421,4.3,
20170420,4.3,
20170419,4.3,
20170418,4.3,
20170417,4.3,
20170414,4.3,
20170413,4.3,
20170412,4.3,
20170411,4.3,
20170410,4.3,
20170407,4.3,
20170406,4.3,
20170405,4.3,
20170401,4.3,
20170331,4.3,
20170330,4.3,
20170329,4.3,
20170328,4.3,
20170327,4.3,
20170324,4.3,
20170323,4.3,
20170322,4.3,
20170321,4.3,
20170320,4.3,
20170317,4.3,
20170316,4.3,
20170315,4.3,
20170314,4.3,
20170313,4.3,
20170310,4.3,
20170309,4.3,
20170308,4.3,
20170307,4.3,
20170306,4.3,
20170303,4.3,
20170302,4.3,
20170301,4.3,
20170228,4.3,
20170227,4.3,
20170224,4.3,
20170223,4.3,
20170222,4.3,
20170221,4.3,
20170220,4.3,
20170217,4.3,
20170216,4.3,
20170215,4.3,
20170214,4.3,
20170213,4.3,
20170210,4.3,
20170209,4.3,
20170208,4.3,
20170207,4.3,
20170206,4.3,
20170204,4.3,
20170203,4.3,
20170126,4.3,
20170125,4.3,
20170124,4.3,
20170123,4.3,
20170122,4.3,
20170120,4.3,
20170119,4.3,
20170118,4.3,
20170117,4.3,
20170116,4.3,
20170113,4.3,
20170112,4.3,
20170111,4.3,
20170110,4.3,
20170109,4.3,
20170106,4.3,
20170105,4.3,
20170104,4.3,
20170103,4.3,
20181228,4.31,
20181227,4.31,
20181226,4.31,
20181225,4.31,
20181224,4.31,
20181221,4.31,
20181220,4.31,
20181219,4.31,
20181218,4.31,
20181217,4.31,
20181214,4.31,
20181213,4.31,
20181212,4.31,
20181211,4.31,
20181210,4.31,
20181207,4.31,
20181206,4.31,
20181205,4.31,
20181204,4.31,
20181203,4.31,
20181130,4.31,
20181129,4.31,
20181128,4.31,
20181127,4.31,
20181126,4.31,
20181123,4.31,
20181122,4.31,
20181121,4.31,
20181120,4.31,
20181119,4.31,
20181116,4.31,
20181115,4.31,
20181114,4.31,
20181113,4.31,
20181112,4.31,
20181109,4.31,
20181108,4.31,
20181107,4.31,
20181106,4.31,
20181105,4.31,
20181102,4.31,
20181101,4.31,
20181031,4.31,
20181030,4.31,
20181029,4.31,
20181026,4.31,
20181025,4.31,
20181024,4.31,
20181023,4.31,
20181022,4.31,
20181019,4.31,
20181018,4.31,
20181017,4.31,
20181016,4.31,
20181015,4.31,
20181012,4.31,
20181011,4.31,
20181010,4.31,
20181009,4.31,
20181008,4.31,
20180930,4.31,
20180929,4.31,
20180928,4.31,
20180927,4.31,
20180926,4.31,
20180925,4.31,
20180921,4.31,
20180920,4.31,
20180919,4.31,
20180918,4.31,
20180917,4.31,
20180914,4.31,
20180913,4.31,
20180912,4.31,
20180911,4.31,
20180910,4.31,
20180907,4.31,
20180906,4.31,
20180905,4.31,
20180904,4.31,
20180903,4.31,
20180831,4.31,
20180830,4.31,
20180829,4.31,
20180828,4.31,
20180827,4.31,
20180824,4.31,
20180823,4.31,
20180822,4.31,
20180821,4.31,
20180820,4.31,
20180817,4.31,
20180816,4.31,
20180815,4.31,
20180814,4.31,
20180813,4.31,
20180810,4.31,
20180809,4.31,
20180808,4.31,
20180807,4.31,
20180806,4.31,
20180803,4.31,
20180802,4.31,
20180801,4.31,
20180731,4.31,
20180730,4.31,
20180727,4.31,
20180726,4.31,
20180725,4.31,
20180724,4.31,
20180723,4.31,
20180720,4.31,
20180719,4.31,
20180718,4.31,
20180717,4.31,
20180716,4.31,
20180713,4.31,
20180712,4.31,
20180711,4.31,
20180710,4.31,
20180709,4.31,
20180706,4.31,
20180705,4.31,
20180704,4.31,
20180703,4.31,
20180702,4.31,
20180629,4.31,
20180628,4.31,
20180627,4.31,
20180626,4.31,
20180625,4.31,
20180622,4.31,
20180621,4.31,
20180620,4.31,
20180619,4.31,
20180615,4.31,
20180614,4.31,
20180613,4.31,
20180612,4.31,
20180611,4.31,
20180608,4.31,
20180607,4.31,
20180606,4.31,
20180605,4.31,
20180604,4.31,
20180601,4.31,
20180531,4.31,
20180530,4.31,
20180529,4.31,
20180528,4.31,
20180525,4.31,
20180524,4.31,
20180523,4.31,
20180522,4.31,
20180521,4.31,
20180518,4.31,
20180517,4.31,
20180516,4.31,
20180515,4.31,
20180514,4.31,
20180511,4.31,
20180510,4.31,
20180509,4.31,
20180508,4.31,
20180507,4.31,
20180504,4.31,
20180503,4.31,
20180502,4.31,
20180428,4.31,
20180427,4.31,
20180426,4.31,
20180425,4.31,
20180424,4.31,
20180423,4.31,
20180420,4.31,
20180419,4.31,
20180418,4.31,
20180417,4.31,
20180416,4.31,
20180413,4.31,
20180412,4.31,
20180411,4.31,
20180410,4.31,
20180409,4.31,
20180408,4.31,
20180404,4.3,
20180403,4.3,
20180402,4.3,
20180330,4.3,
20180329,4.3,
20180328,4.3,
20180327,4.3,
20180326,4.3,
20180323,4.3,
20180322,4.3,
20180321,4.3,
20180320,4.3,
20180319,4.3,
20180316,4.3,
20180315,4.3,
20180314,4.3,
20180313,4.3,
20180312,4.3,
20180309,4.3,
20180308,4.3,
20180307,4.3,
20180306,4.3,
20180305,4.3,
20180302,4.3,
20180301,4.3,
20180228,4.3,
20180227,4.3,
20180226,4.3,
20180224,4.3,
20180223,4.3,
20180222,4.3,
20180214,4.3,
20180213,4.3,
20180212,4.3,
20180211,4.3,
20180209,4.3,
20180208,4.3,
20180207,4.3,
20180206,4.3,
20180205,4.3,
20180202,4.3,
20180201,4.3,
20180131,4.3,
20180130,4.3,
20180129,4.3,
20180126,4.3,
20180125,4.3,
20180124,4.3,
20180123,4.3,
20180122,4.3,
20180119,4.3,
20180118,4.3,
20180117,4.3,
20180116,4.3,
20180115,4.3,
20180112,4.3,
20180111,4.3,
20180110,4.3,
20180109,4.3,
20180108,4.3,
20180105,4.3,
20180104,4.3,
20180103,4.3,
20180102,4.3,
20191220,4.15,4.8
20191120,4.15,4.8
20191021,4.2,4.85
20190920,4.2,4.85
20190820,4.25,4.85
20190816,4.31,
20190815,4.31,
20190814,4.31,
20190813,4.31,
20190812,4.31,
20190809,4.31,
20190808,4.31,
20190807,4.31,
20190806,4.31,
20190805,4.31,
20190802,4.31,
20190801,4.31,
20190731,4.31,
20190730,4.31,
20190729,4.31,
20190726,4.31,
20190725,4.31,
20190724,4.31,
20190723,4.31,
20190722,4.31,
20190719,4.31,
20190718,4.31,
20190717,4.31,
20190716,4.31,
20190715,4.31,
20190712,4.31,
20190711,4.31,
20190710,4.31,
20190709,4.31,
20190708,4.31,
20190705,4.31,
20190704,4.31,
20190703,4.31,
20190702,4.31,
20190701,4.31,
20190628,4.31,
20190627,4.31,
20190626,4.31,
20190625,4.31,
20190624,4.31,
20190621,4.31,
20190620,4.31,
20190619,4.31,
20190618,4.31,
20190617,4.31,
20190614,4.31,
20190613,4.31,
20190612,4.31,
20190611,4.31,
20190610,4.31,
20190606,4.31,
20190605,4.31,
20190604,4.31,
20190603,4.31,
20190531,4.31,
20190530,4.31,
20190529,4.31,
20190528,4.31,
20190527,4.31,
20190524,4.31,
20190523,4.31,
20190522,4.31,
20190521,4.31,
20190520,4.31,
20190517,4.31,
20190516,4.31,
20190515,4.31,
20190514,4.31,
20190513,4.31,
20190510,4.31,
20190509,4.31,
20190508,4.31,
20190507,4.31,
20190506,4.31,
20190430,4.31,
20190429,4.31,
20190426,4.31,
20190425,4.31,
20190424,4.31,
20190423,4.31,
20190422,4.31,
20190419,4.31,
20190418,4.31,
20190417,4.31,
20190416,4.31,
20190415,4.31,
20190412,4.31,
20190411,4.31,
20190410,4.31,
20190409,4.31,
20190408,4.31,
20190404,4.31,
20190403,4.31,
20190402,4.31,
20190401,4.31,
20190329,4.31,
20190328,4.31,
20190327,4.31,
20190326,4.31,
20190325,4.31,
20190322,4.31,
20190321,4.31,
20190320,4.31,
20190319,4.31,
20190318,4.31,
20190315,4.31,
20190314,4.31,
20190313,4.31,
20190312,4.31,
20190311,4.31,
20190308,4.31,
20190307,4.31,
20190306,4.31,
20190305,4.31,
20190304,4.31,
20190301,4.31,
20190228,4.31,
20190227,4.31,
20190226,4.31,
20190225,4.31,
20190222,4.31,
20190221,4.31,
20190220,4.31,
20190219,4.31,
20190218,4.31,
20190215,4.31,
20190214,4.31,
20190213,4.31,
20190212,4.31,
20190211,4.31,
20190201,4.31,
20190131,4.31,
20190130,4.31,
20190129,4.31,
20190128,4.31,
20190125,4.31,
20190124,4.31,
20190123,4.31,
20190122,4.31,
20190121,4.31,
20190118,4.31,
20190117,4.31,
20190116,4.31,
20190115,4.31,
20190114,4.31,
20190111,4.31,
20190110,4.31,
20190109,4.31,
20190108,4.31,
20190107,4.31,
20190104,4.31,
20190103,4.31,
20190102,4.31,
20201221,3.85,4.65
20201120,3.85,4.65
20201020,3.85,4.65
20200921,3.85,4.65
20200820,3.85,4.65
20200720,3.85,4.65
20200622,3.85,4.65
20200520,3.85,4.65
20200420,3.85,4.65
20200320,4.05,4.75
20200220,4.05,4.75
20200120,4.15,4.8
20211220,3.8,4.65
20211122,3.85,4.65
20211020,3.85,4.65
20210922,3.85,4.65
20210820,3.85,4.65
20210720,3.85,4.65
20210621,3.85,4.65
20210520,3.85,4.65
20210420,3.85,4.65
20210322,3.85,4.65
20210220,3.85,4.65
20210120,3.85,4.65
20221220,3.65,4.3
20221121,3.65,4.3
20221020,3.65,4.3
20220920,3.65,4.3
20220822,3.65,4.3
20220720,3.7,4.45
20220620,3.7,4.45
20220520,3.7,4.45
20220420,3.7,4.6
20220321,3.7,4.6
20220221,3.7,4.6
20220120,3.7,4.6
20231220,3.45,4.2
20231120,3.45,4.2
20231020,3.45,4.2
20230920,3.45,4.2
20230821,3.45,4.2
20230720,3.55,4.2
20230620,3.55,4.2
20230522,3.65,4.3
20230420,3.65,4.3
20230320,3.65,4.3
20230220,3.65,4.3
20230120,3.65,4.3
20241220,3.1,3.6
20241021,3.1,3.6
20240920,3.35,3.85
20240820,3.35,3.85
20240722,3.35,3.85
20240620,3.45,3.95
20240520,3.45,3.95
20240422,3.45,3.95
20240320,3.45,3.95
20240220,3.45,3.95
20240122,3.45,4.2
20251222,3.0,3.5
20251120,3.0,3.5
20251020,3.0,3.5
20250922,3.0,3.5
20250820,3.0,3.5
20250721,3.0,3.5
20250620,3.0,3.5
20250520,3.0,3.5
20250421,3.1,3.6
20250320,3.1,3.6
20250220,3.1,3.6
20250120,3.1,3.6
20260320,3.0,3.5
20260224,3.0,3.5
20260120,3.0,3.5
